assembly_accession,bioproject,biosample,wgs_master,excluded_from_refseq,refseq_category,relation_to_type_material,taxid,species_taxid,organism_name,infraspecific_name,isolate,version_status,assembly_level,release_type,genome_rep,seq_rel_date,asm_name_x,submitter,gbrs_paired_asm,paired_asm_comp,ftp_path,local_filename,strain,orig_name,to_annotate,gsize,nb_conts,L90,file,asm_name_y,name_no_strain,label
GCF_000755785.1,PRJNA224116,SAMN02945023,,,na,,13373,13373,Burkholderia mallei,strain=FMH 23344,,latest,Complete Genome,Major,Full,2014/09/18,ASM75578v1,Los Alamos National Laboratory,GCA_000755785.1,identical,https://ftp.ncbi.nlm.nih.gov/genomes/all/GCF/000/755/785/GCF_000755785.1_ASM75578v1,./Burkholderia_pseudo_mallei_outgroup/1-prepare_module/refseq/bacteria/GCF_000755785.1/GCF_000755785.1_ASM75578v1_genomic.fna.gz,BUMA.1221.00002,Burkholderia_pseudo_mallei_outgroup/1-prepare_module/tmp_files/GCF_000755785.1_ASM75578v1_genomic.fna_prepare-split125N.fna,Burkholderia_pseudo_mallei_outgroup/1-prepare_module/tmp_files/GCF_000755785.1_ASM75578v1_genomic.fna_prepare-split125N.fna,5835541,2,2,GCF_000755785.1_ASM75578v1_genomic.fna_prepare-split125N.fna,ASM75578v1,FMH 23344,Burkholderia mallei FMH 23344
GCF_000755845.1,PRJNA224116,SAMN02837932,,,na,,13373,13373,Burkholderia mallei,strain=6,,latest,Complete Genome,Major,Full,2014/09/18,ASM75584v1,Los Alamos National Laboratory,GCA_000755845.1,identical,https://ftp.ncbi.nlm.nih.gov/genomes/all/GCF/000/755/845/GCF_000755845.1_ASM75584v1,./Burkholderia_pseudo_mallei_outgroup/1-prepare_module/refseq/bacteria/GCF_000755845.1/GCF_000755845.1_ASM75584v1_genomic.fna.gz,BUMA.1221.00004,Burkholderia_pseudo_mallei_outgroup/1-prepare_module/tmp_files/GCF_000755845.1_ASM75584v1_genomic.fna_prepare-split125N.fna,Burkholderia_pseudo_mallei_outgroup/1-prepare_module/tmp_files/GCF_000755845.1_ASM75584v1_genomic.fna_prepare-split125N.fna,5647769,2,2,GCF_000755845.1_ASM75584v1_genomic.fna_prepare-split125N.fna,ASM75584v1,6,Burkholderia mallei 6
GCF_000755865.1,PRJNA224116,SAMN02821273,,,na,,13373,13373,Burkholderia mallei,strain=23344,,latest,Complete Genome,Major,Full,2014/09/18,ASM75586v1,Los Alamos National Laboratory,GCA_000755865.1,identical,https://ftp.ncbi.nlm.nih.gov/genomes/all/GCF/000/755/865/GCF_000755865.1_ASM75586v1,./Burkholderia_pseudo_mallei_outgroup/1-prepare_module/refseq/bacteria/GCF_000755865.1/GCF_000755865.1_ASM75586v1_genomic.fna.gz,BUMA.1221.00006,Burkholderia_pseudo_mallei_outgroup/1-prepare_module/tmp_files/GCF_000755865.1_ASM75586v1_genomic.fna_prepare-split125N.fna,Burkholderia_pseudo_mallei_outgroup/1-prepare_module/tmp_files/GCF_000755865.1_ASM75586v1_genomic.fna_prepare-split125N.fna,5625292,2,2,GCF_000755865.1_ASM75586v1_genomic.fna_prepare-split125N.fna,ASM75586v1,23344,Burkholderia mallei 23344
GCF_000755885.1,PRJNA224116,SAMN02839409,,,na,,13373,13373,Burkholderia mallei,strain=BMQ,,latest,Complete Genome,Major,Full,2014/09/18,ASM75588v1,Los Alamos National Laboratory,GCA_000755885.1,identical,https://ftp.ncbi.nlm.nih.gov/genomes/all/GCF/000/755/885/GCF_000755885.1_ASM75588v1,./Burkholderia_pseudo_mallei_outgroup/1-prepare_module/refseq/bacteria/GCF_000755885.1/GCF_000755885.1_ASM75588v1_genomic.fna.gz,BUMA.1221.00012,Burkholderia_pseudo_mallei_outgroup/1-prepare_module/tmp_files/GCF_000755885.1_ASM75588v1_genomic.fna_prepare-split125N.fna,Burkholderia_pseudo_mallei_outgroup/1-prepare_module/tmp_files/GCF_000755885.1_ASM75588v1_genomic.fna_prepare-split125N.fna,5630231,2,2,GCF_000755885.1_ASM75588v1_genomic.fna_prepare-split125N.fna,ASM75588v1,BMQ,Burkholderia mallei BMQ
GCF_000756025.1,PRJNA224116,SAMN02849482,,,na,,13373,13373,Burkholderia mallei,strain=2000031063,,latest,Complete Genome,Major,Full,2014/11/05,ASM75602v2,Los Alamos National Laboratory,GCA_000756025.2,identical,https://ftp.ncbi.nlm.nih.gov/genomes/all/GCF/000/756/025/GCF_000756025.1_ASM75602v2,./Burkholderia_pseudo_mallei_outgroup/1-prepare_module/refseq/bacteria/GCF_000756025.1/GCF_000756025.1_ASM75602v2_genomic.fna.gz,BUMA.1221.00008,Burkholderia_pseudo_mallei_outgroup/1-prepare_module/tmp_files/GCF_000756025.1_ASM75602v2_genomic.fna_prepare-split125N.fna,Burkholderia_pseudo_mallei_outgroup/1-prepare_module/tmp_files/GCF_000756025.1_ASM75602v2_genomic.fna_prepare-split125N.fna,5874930,2,2,GCF_000756025.1_ASM75602v2_genomic.fna_prepare-split125N.fna,ASM75602v2,2000031063,Burkholderia mallei 2000031063
GCF_000959165.1,PRJNA224116,SAMN03010440,,,na,,13373,13373,Burkholderia mallei,strain=2002734299,SR092700C,latest,Complete Genome,Major,Full,2015/03/20,ASM95916v1,Los Alamos National Laboratory,GCA_000959165.1,identical,https://ftp.ncbi.nlm.nih.gov/genomes/all/GCF/000/959/165/GCF_000959165.1_ASM95916v1,./Burkholderia_pseudo_mallei_outgroup/1-prepare_module/refseq/bacteria/GCF_000959165.1/GCF_000959165.1_ASM95916v1_genomic.fna.gz,BUMA.1221.00031,Burkholderia_pseudo_mallei_outgroup/1-prepare_module/tmp_files/GCF_000959165.1_ASM95916v1_genomic.fna_prepare-split125N.fna,Burkholderia_pseudo_mallei_outgroup/1-prepare_module/tmp_files/GCF_000959165.1_ASM95916v1_genomic.fna_prepare-split125N.fna,5742341,2,2,GCF_000959165.1_ASM95916v1_genomic.fna_prepare-split125N.fna,ASM95916v1,2002734299,Burkholderia mallei 2002734299
GCF_000959405.1,PRJNA224116,SAMN03079578,,,na,,13373,13373,Burkholderia mallei,strain=11,,latest,Complete Genome,Major,Full,2015/03/20,ASM95940v1,Los Alamos National Laboratory,GCA_000959405.1,identical,https://ftp.ncbi.nlm.nih.gov/genomes/all/GCF/000/959/405/GCF_000959405.1_ASM95940v1,./Burkholderia_pseudo_mallei_outgroup/1-prepare_module/refseq/bacteria/GCF_000959405.1/GCF_000959405.1_ASM95940v1_genomic.fna.gz,BUMA.1221.00023,Burkholderia_pseudo_mallei_outgroup/1-prepare_module/tmp_files/GCF_000959405.1_ASM95940v1_genomic.fna_prepare-split125N.fna,Burkholderia_pseudo_mallei_outgroup/1-prepare_module/tmp_files/GCF_000959405.1_ASM95940v1_genomic.fna_prepare-split125N.fna,5913134,2,2,GCF_000959405.1_ASM95940v1_genomic.fna_prepare-split125N.fna,ASM95940v1,11,Burkholderia mallei 11
GCF_000959465.1,PRJNA224116,SAMN03107083,,,na,,13373,13373,Burkholderia mallei,strain=India86-567-2,,latest,Complete Genome,Major,Full,2015/03/20,ASM95946v1,Los Alamos National Laboratory,GCA_000959465.1,identical,https://ftp.ncbi.nlm.nih.gov/genomes/all/GCF/000/959/465/GCF_000959465.1_ASM95946v1,./Burkholderia_pseudo_mallei_outgroup/1-prepare_module/refseq/bacteria/GCF_000959465.1/GCF_000959465.1_ASM95946v1_genomic.fna.gz,BUMA.1221.00010,Burkholderia_pseudo_mallei_outgroup/1-prepare_module/tmp_files/GCF_000959465.1_ASM95946v1_genomic.fna_prepare-split125N.fna,Burkholderia_pseudo_mallei_outgroup/1-prepare_module/tmp_files/GCF_000959465.1_ASM95946v1_genomic.fna_prepare-split125N.fna,5686446,2,2,GCF_000959465.1_ASM95946v1_genomic.fna_prepare-split125N.fna,ASM95946v1,India86-567-2,Burkholderia mallei India86-567-2
GCF_000959485.1,PRJNA224116,SAMN03120828,,,na,,13373,13373,Burkholderia mallei,strain=2002734306,,latest,Complete Genome,Major,Full,2015/03/20,ASM95948v1,Los Alamos National Laboratory,GCA_000959485.1,identical,https://ftp.ncbi.nlm.nih.gov/genomes/all/GCF/000/959/485/GCF_000959485.1_ASM95948v1,./Burkholderia_pseudo_mallei_outgroup/1-prepare_module/refseq/bacteria/GCF_000959485.1/GCF_000959485.1_ASM95948v1_genomic.fna.gz,BUMA.1221.00018,Burkholderia_pseudo_mallei_outgroup/1-prepare_module/tmp_files/GCF_000959485.1_ASM95948v1_genomic.fna_prepare-split125N.fna,Burkholderia_pseudo_mallei_outgroup/1-prepare_module/tmp_files/GCF_000959485.1_ASM95948v1_genomic.fna_prepare-split125N.fna,5409162,2,2,GCF_000959485.1_ASM95948v1_genomic.fna_prepare-split125N.fna,ASM95948v1,2002734306,Burkholderia mallei 2002734306
GCF_000959585.1,PRJNA224116,SAMN03198318,,,na,,13373,13373,Burkholderia mallei,strain=KC_1092,,latest,Chromosome,Major,Full,2015/03/20,ASM95958v1,Los Alamos National Laboratory,GCA_000959585.1,identical,https://ftp.ncbi.nlm.nih.gov/genomes/all/GCF/000/959/585/GCF_000959585.1_ASM95958v1,./Burkholderia_pseudo_mallei_outgroup/1-prepare_module/refseq/bacteria/GCF_000959585.1/GCF_000959585.1_ASM95958v1_genomic.fna.gz,BUMA.1221.00029,Burkholderia_pseudo_mallei_outgroup/1-prepare_module/tmp_files/GCF_000959585.1_ASM95958v1_genomic.fna_prepare-split125N.fna,Burkholderia_pseudo_mallei_outgroup/1-prepare_module/tmp_files/GCF_000959585.1_ASM95958v1_genomic.fna_prepare-split125N.fna,5661951,2,2,GCF_000959585.1_ASM95958v1_genomic.fna_prepare-split125N.fna,ASM95958v1,KC_1092,Burkholderia mallei KC_1092
GCF_000959625.1,PRJNA224116,SAMN03222861,,,na,,13373,13373,Burkholderia mallei,strain=2002721276,,latest,Complete Genome,Major,Full,2015/03/20,ASM95962v1,Los Alamos National Laboratory,GCA_000959625.1,identical,https://ftp.ncbi.nlm.nih.gov/genomes/all/GCF/000/959/625/GCF_000959625.1_ASM95962v1,./Burkholderia_pseudo_mallei_outgroup/1-prepare_module/refseq/bacteria/GCF_000959625.1/GCF_000959625.1_ASM95962v1_genomic.fna.gz,BUMA.1221.00021,Burkholderia_pseudo_mallei_outgroup/1-prepare_module/tmp_files/GCF_000959625.1_ASM95962v1_genomic.fna_prepare-split125N.fna,Burkholderia_pseudo_mallei_outgroup/1-prepare_module/tmp_files/GCF_000959625.1_ASM95962v1_genomic.fna_prepare-split125N.fna,5780439,2,2,GCF_000959625.1_ASM95962v1_genomic.fna_prepare-split125N.fna,ASM95962v1,2002721276,Burkholderia mallei 2002721276
GCF_001729545.1,PRJNA224116,SAMN05607081,,,na,,13373,13373,Burkholderia mallei,strain=Bahrain1,,latest,Complete Genome,Major,Full,2016/09/16,ASM172954v1,"Friedrich Loeffler Institut, Federal Research Institute for Animal Health",GCA_001729545.1,identical,https://ftp.ncbi.nlm.nih.gov/genomes/all/GCF/001/729/545/GCF_001729545.1_ASM172954v1,./Burkholderia_pseudo_mallei_outgroup/1-prepare_module/refseq/bacteria/GCF_001729545.1/GCF_001729545.1_ASM172954v1_genomic.fna.gz,BUMA.1221.00020,Burkholderia_pseudo_mallei_outgroup/1-prepare_module/tmp_files/GCF_001729545.1_ASM172954v1_genomic.fna_prepare-split125N.fna,Burkholderia_pseudo_mallei_outgroup/1-prepare_module/tmp_files/GCF_001729545.1_ASM172954v1_genomic.fna_prepare-split125N.fna,5780166,2,2,GCF_001729545.1_ASM172954v1_genomic.fna_prepare-split125N.fna,ASM172954v1,Bahrain1,Burkholderia mallei Bahrain1
GCF_002345985.1,PRJNA224116,SAMN03121648,,,na,,13373,13373,Burkholderia mallei,strain=Turkey1,,latest,Complete Genome,Major,Full,2017/09/22,ASM234598v1,USAMRIID,GCA_002345985.1,identical,https://ftp.ncbi.nlm.nih.gov/genomes/all/GCF/002/345/985/GCF_002345985.1_ASM234598v1,./Burkholderia_pseudo_mallei_outgroup/1-prepare_module/refseq/bacteria/GCF_002345985.1/GCF_002345985.1_ASM234598v1_genomic.fna.gz,BUMA.1221.00014,Burkholderia_pseudo_mallei_outgroup/1-prepare_module/tmp_files/GCF_002345985.1_ASM234598v1_genomic.fna_prepare-split125N.fna,Burkholderia_pseudo_mallei_outgroup/1-prepare_module/tmp_files/GCF_002345985.1_ASM234598v1_genomic.fna_prepare-split125N.fna,5591869,2,2,GCF_002345985.1_ASM234598v1_genomic.fna_prepare-split125N.fna,ASM234598v1,Turkey1,Burkholderia mallei Turkey1
GCF_002346005.1,PRJNA224116,SAMN03121657,,,na,,13373,13373,Burkholderia mallei,strain=Turkey10,,latest,Complete Genome,Major,Full,2017/09/22,ASM234600v1,USAMRIID,GCA_002346005.1,identical,https://ftp.ncbi.nlm.nih.gov/genomes/all/GCF/002/346/005/GCF_002346005.1_ASM234600v1,./Burkholderia_pseudo_mallei_outgroup/1-prepare_module/refseq/bacteria/GCF_002346005.1/GCF_002346005.1_ASM234600v1_genomic.fna.gz,BUMA.1221.00027,Burkholderia_pseudo_mallei_outgroup/1-prepare_module/tmp_files/GCF_002346005.1_ASM234600v1_genomic.fna_prepare-split125N.fna,Burkholderia_pseudo_mallei_outgroup/1-prepare_module/tmp_files/GCF_002346005.1_ASM234600v1_genomic.fna_prepare-split125N.fna,5728982,2,2,GCF_002346005.1_ASM234600v1_genomic.fna_prepare-split125N.fna,ASM234600v1,Turkey10,Burkholderia mallei Turkey10
GCF_002346025.1,PRJNA224116,SAMN03121649,,,representative genome,,13373,13373,Burkholderia mallei,strain=Turkey2,,latest,Complete Genome,Major,Full,2017/09/22,ASM234602v1,USAMRIID,GCA_002346025.1,identical,https://ftp.ncbi.nlm.nih.gov/genomes/all/GCF/002/346/025/GCF_002346025.1_ASM234602v1,./Burkholderia_pseudo_mallei_outgroup/1-prepare_module/refseq/bacteria/GCF_002346025.1/GCF_002346025.1_ASM234602v1_genomic.fna.gz,BUMA.1221.00016,Burkholderia_pseudo_mallei_outgroup/1-prepare_module/tmp_files/GCF_002346025.1_ASM234602v1_genomic.fna_prepare-split125N.fna,Burkholderia_pseudo_mallei_outgroup/1-prepare_module/tmp_files/GCF_002346025.1_ASM234602v1_genomic.fna_prepare-split125N.fna,5592049,2,2,GCF_002346025.1_ASM234602v1_genomic.fna_prepare-split125N.fna,ASM234602v1,Turkey2,Burkholderia mallei Turkey2
GCF_002346045.1,PRJNA224116,SAMN03174435,,,na,,13373,13373,Burkholderia mallei,strain=FMH,,latest,Complete Genome,Major,Full,2017/09/22,ASM234604v1,USAMRIID,GCA_002346045.1,identical,https://ftp.ncbi.nlm.nih.gov/genomes/all/GCF/002/346/045/GCF_002346045.1_ASM234604v1,./Burkholderia_pseudo_mallei_outgroup/1-prepare_module/refseq/bacteria/GCF_002346045.1/GCF_002346045.1_ASM234604v1_genomic.fna.gz,BUMA.1221.00025,Burkholderia_pseudo_mallei_outgroup/1-prepare_module/tmp_files/GCF_002346045.1_ASM234604v1_genomic.fna_prepare-split125N.fna,Burkholderia_pseudo_mallei_outgroup/1-prepare_module/tmp_files/GCF_002346045.1_ASM234604v1_genomic.fna_prepare-split125N.fna,5835466,2,2,GCF_002346045.1_ASM234604v1_genomic.fna_prepare-split125N.fna,ASM234604v1,FMH,Burkholderia mallei FMH
GCF_002346065.1,PRJNA224116,SAMN03121650,,,na,,13373,13373,Burkholderia mallei,strain=Turkey3,,latest,Complete Genome,Major,Full,2017/09/22,ASM234606v1,USAMRIID,GCA_002346065.1,identical,https://ftp.ncbi.nlm.nih.gov/genomes/all/GCF/002/346/065/GCF_002346065.1_ASM234606v1,./Burkholderia_pseudo_mallei_outgroup/1-prepare_module/refseq/bacteria/GCF_002346065.1/GCF_002346065.1_ASM234606v1_genomic.fna.gz,BUMA.1221.00033,Burkholderia_pseudo_mallei_outgroup/1-prepare_module/tmp_files/GCF_002346065.1_ASM234606v1_genomic.fna_prepare-split125N.fna,Burkholderia_pseudo_mallei_outgroup/1-prepare_module/tmp_files/GCF_002346065.1_ASM234606v1_genomic.fna_prepare-split125N.fna,5663182,2,2,GCF_002346065.1_ASM234606v1_genomic.fna_prepare-split125N.fna,ASM234606v1,Turkey3,Burkholderia mallei Turkey3
GCF_002346085.1,PRJNA224116,SAMN03121651,,,na,,13373,13373,Burkholderia mallei,strain=Turkey4,,latest,Complete Genome,Major,Full,2017/09/22,ASM234608v1,USAMRIID,GCA_002346085.1,identical,https://ftp.ncbi.nlm.nih.gov/genomes/all/GCF/002/346/085/GCF_002346085.1_ASM234608v1,./Burkholderia_pseudo_mallei_outgroup/1-prepare_module/refseq/bacteria/GCF_002346085.1/GCF_002346085.1_ASM234608v1_genomic.fna.gz,BUMA.1221.00035,Burkholderia_pseudo_mallei_outgroup/1-prepare_module/tmp_files/GCF_002346085.1_ASM234608v1_genomic.fna_prepare-split125N.fna,Burkholderia_pseudo_mallei_outgroup/1-prepare_module/tmp_files/GCF_002346085.1_ASM234608v1_genomic.fna_prepare-split125N.fna,5732597,2,2,GCF_002346085.1_ASM234608v1_genomic.fna_prepare-split125N.fna,ASM234608v1,Turkey4,Burkholderia mallei Turkey4
GCF_002346105.1,PRJNA224116,SAMN03121652,,,na,,13373,13373,Burkholderia mallei,strain=Turkey5,,latest,Complete Genome,Major,Full,2017/09/22,ASM234610v1,USAMRIID,GCA_002346105.1,identical,https://ftp.ncbi.nlm.nih.gov/genomes/all/GCF/002/346/105/GCF_002346105.1_ASM234610v1,./Burkholderia_pseudo_mallei_outgroup/1-prepare_module/refseq/bacteria/GCF_002346105.1/GCF_002346105.1_ASM234610v1_genomic.fna.gz,BUMA.1221.00037,Burkholderia_pseudo_mallei_outgroup/1-prepare_module/tmp_files/GCF_002346105.1_ASM234610v1_genomic.fna_prepare-split125N.fna,Burkholderia_pseudo_mallei_outgroup/1-prepare_module/tmp_files/GCF_002346105.1_ASM234610v1_genomic.fna_prepare-split125N.fna,5698260,2,2,GCF_002346105.1_ASM234610v1_genomic.fna_prepare-split125N.fna,ASM234610v1,Turkey5,Burkholderia mallei Turkey5
GCF_002346125.1,PRJNA224116,SAMN03121653,,,na,,13373,13373,Burkholderia mallei,strain=Turkey6,,latest,Complete Genome,Major,Full,2017/09/22,ASM234612v1,USAMRIID,GCA_002346125.1,identical,https://ftp.ncbi.nlm.nih.gov/genomes/all/GCF/002/346/125/GCF_002346125.1_ASM234612v1,./Burkholderia_pseudo_mallei_outgroup/1-prepare_module/refseq/bacteria/GCF_002346125.1/GCF_002346125.1_ASM234612v1_genomic.fna.gz,BUMA.1221.00039,Burkholderia_pseudo_mallei_outgroup/1-prepare_module/tmp_files/GCF_002346125.1_ASM234612v1_genomic.fna_prepare-split125N.fna,Burkholderia_pseudo_mallei_outgroup/1-prepare_module/tmp_files/GCF_002346125.1_ASM234612v1_genomic.fna_prepare-split125N.fna,5747822,2,2,GCF_002346125.1_ASM234612v1_genomic.fna_prepare-split125N.fna,ASM234612v1,Turkey6,Burkholderia mallei Turkey6
GCF_002346145.1,PRJNA224116,SAMN03121654,,,na,,13373,13373,Burkholderia mallei,strain=Turkey7,,latest,Complete Genome,Major,Full,2017/09/22,ASM234614v1,USAMRIID,GCA_002346145.1,identical,https://ftp.ncbi.nlm.nih.gov/genomes/all/GCF/002/346/145/GCF_002346145.1_ASM234614v1,./Burkholderia_pseudo_mallei_outgroup/1-prepare_module/refseq/bacteria/GCF_002346145.1/GCF_002346145.1_ASM234614v1_genomic.fna.gz,BUMA.1221.00041,Burkholderia_pseudo_mallei_outgroup/1-prepare_module/tmp_files/GCF_002346145.1_ASM234614v1_genomic.fna_prepare-split125N.fna,Burkholderia_pseudo_mallei_outgroup/1-prepare_module/tmp_files/GCF_002346145.1_ASM234614v1_genomic.fna_prepare-split125N.fna,5725287,2,2,GCF_002346145.1_ASM234614v1_genomic.fna_prepare-split125N.fna,ASM234614v1,Turkey7,Burkholderia mallei Turkey7
GCF_002346165.1,PRJNA224116,SAMN03121655,,,na,,13373,13373,Burkholderia mallei,strain=Turkey8,,latest,Complete Genome,Major,Full,2017/09/22,ASM234616v1,USAMRIID,GCA_002346165.1,identical,https://ftp.ncbi.nlm.nih.gov/genomes/all/GCF/002/346/165/GCF_002346165.1_ASM234616v1,./Burkholderia_pseudo_mallei_outgroup/1-prepare_module/refseq/bacteria/GCF_002346165.1/GCF_002346165.1_ASM234616v1_genomic.fna.gz,BUMA.1221.00043,Burkholderia_pseudo_mallei_outgroup/1-prepare_module/tmp_files/GCF_002346165.1_ASM234616v1_genomic.fna_prepare-split125N.fna,Burkholderia_pseudo_mallei_outgroup/1-prepare_module/tmp_files/GCF_002346165.1_ASM234616v1_genomic.fna_prepare-split125N.fna,5694391,2,2,GCF_002346165.1_ASM234616v1_genomic.fna_prepare-split125N.fna,ASM234616v1,Turkey8,Burkholderia mallei Turkey8
GCF_002346205.1,PRJNA224116,SAMN03174429,,,na,,13373,13373,Burkholderia mallei,strain=JHU,,latest,Complete Genome,Major,Full,2017/09/22,ASM234620v1,USAMRIID,GCA_002346205.1,identical,https://ftp.ncbi.nlm.nih.gov/genomes/all/GCF/002/346/205/GCF_002346205.1_ASM234620v1,./Burkholderia_pseudo_mallei_outgroup/1-prepare_module/refseq/bacteria/GCF_002346205.1/GCF_002346205.1_ASM234620v1_genomic.fna.gz,BUMA.1221.00045,Burkholderia_pseudo_mallei_outgroup/1-prepare_module/tmp_files/GCF_002346205.1_ASM234620v1_genomic.fna_prepare-split125N.fna,Burkholderia_pseudo_mallei_outgroup/1-prepare_module/tmp_files/GCF_002346205.1_ASM234620v1_genomic.fna_prepare-split125N.fna,5736590,2,2,GCF_002346205.1_ASM234620v1_genomic.fna_prepare-split125N.fna,ASM234620v1,JHU,Burkholderia mallei JHU
GCF_003933015.1,PRJNA224116,SAMN10228565,RKJZ00000000.1,,na,,13373,13373,Burkholderia mallei,strain=FDAARGOS_585,,latest,Chromosome,Major,Full,2018/12/14,ASM393301v1,US Food and Drug Administration,GCA_003933015.1,identical,https://ftp.ncbi.nlm.nih.gov/genomes/all/GCF/003/933/015/GCF_003933015.1_ASM393301v1,./Burkholderia_pseudo_mallei_outgroup/1-prepare_module/refseq/bacteria/GCF_003933015.1/GCF_003933015.1_ASM393301v1_genomic.fna.gz,BUMA.1221.00047,Burkholderia_pseudo_mallei_outgroup/1-prepare_module/tmp_files/GCF_003933015.1_ASM393301v1_genomic.fna_prepare-split125N.fna,Burkholderia_pseudo_mallei_outgroup/1-prepare_module/tmp_files/GCF_003933015.1_ASM393301v1_genomic.fna_prepare-split125N.fna,5233427,2,2,GCF_003933015.1_ASM393301v1_genomic.fna_prepare-split125N.fna,ASM393301v1,FDAARGOS_585,Burkholderia mallei FDAARGOS_585
GCF_003933025.1,PRJNA224116,SAMN10228568,RKJW00000000.1,,na,,13373,13373,Burkholderia mallei,strain=FDAARGOS_588,,latest,Chromosome,Major,Full,2018/12/14,ASM393302v1,US Food and Drug Administration,GCA_003933025.1,identical,https://ftp.ncbi.nlm.nih.gov/genomes/all/GCF/003/933/025/GCF_003933025.1_ASM393302v1,./Burkholderia_pseudo_mallei_outgroup/1-prepare_module/refseq/bacteria/GCF_003933025.1/GCF_003933025.1_ASM393302v1_genomic.fna.gz,BUMA.1221.00049,Burkholderia_pseudo_mallei_outgroup/1-prepare_module/tmp_files/GCF_003933025.1_ASM393302v1_genomic.fna_prepare-split125N.fna,Burkholderia_pseudo_mallei_outgroup/1-prepare_module/tmp_files/GCF_003933025.1_ASM393302v1_genomic.fna_prepare-split125N.fna,5638231,2,2,GCF_003933025.1_ASM393302v1_genomic.fna_prepare-split125N.fna,ASM393302v1,FDAARGOS_588,Burkholderia mallei FDAARGOS_588
GCF_003933035.1,PRJNA224116,SAMN10228569,RKJV00000000.1,,na,,13373,13373,Burkholderia mallei,strain=FDAARGOS_589,,latest,Chromosome,Major,Full,2018/12/14,ASM393303v1,US Food and Drug Administration,GCA_003933035.1,identical,https://ftp.ncbi.nlm.nih.gov/genomes/all/GCF/003/933/035/GCF_003933035.1_ASM393303v1,./Burkholderia_pseudo_mallei_outgroup/1-prepare_module/refseq/bacteria/GCF_003933035.1/GCF_003933035.1_ASM393303v1_genomic.fna.gz,BUMA.1221.00051,Burkholderia_pseudo_mallei_outgroup/1-prepare_module/tmp_files/GCF_003933035.1_ASM393303v1_genomic.fna_prepare-split125N.fna,Burkholderia_pseudo_mallei_outgroup/1-prepare_module/tmp_files/GCF_003933035.1_ASM393303v1_genomic.fna_prepare-split125N.fna,5232513,2,2,GCF_003933035.1_ASM393303v1_genomic.fna_prepare-split125N.fna,ASM393303v1,FDAARGOS_589,Burkholderia mallei FDAARGOS_589
GCF_003933045.1,PRJNA224116,SAMN10228570,RKJU00000000.1,,na,,13373,13373,Burkholderia mallei,strain=FDAARGOS_590,,latest,Chromosome,Major,Full,2018/12/14,ASM393304v1,US Food and Drug Administration,GCA_003933045.1,identical,https://ftp.ncbi.nlm.nih.gov/genomes/all/GCF/003/933/045/GCF_003933045.1_ASM393304v1,./Burkholderia_pseudo_mallei_outgroup/1-prepare_module/refseq/bacteria/GCF_003933045.1/GCF_003933045.1_ASM393304v1_genomic.fna.gz,BUMA.1221.00053,Burkholderia_pseudo_mallei_outgroup/1-prepare_module/tmp_files/GCF_003933045.1_ASM393304v1_genomic.fna_prepare-split125N.fna,Burkholderia_pseudo_mallei_outgroup/1-prepare_module/tmp_files/GCF_003933045.1_ASM393304v1_genomic.fna_prepare-split125N.fna,5864677,2,2,GCF_003933045.1_ASM393304v1_genomic.fna_prepare-split125N.fna,ASM393304v1,FDAARGOS_590,Burkholderia mallei FDAARGOS_590
GCF_000755825.1,PRJNA224116,SAMN02945026,,,na,,28450,28450,Burkholderia pseudomallei,strain=BSR,,latest,Complete Genome,Major,Full,2014/09/18,ASM75582v1,Los Alamos National Laboratory,GCA_000755825.1,identical,https://ftp.ncbi.nlm.nih.gov/genomes/all/GCF/000/755/825/GCF_000755825.1_ASM75582v1,./Burkholderia_pseudo_mallei_outgroup/1-prepare_module/refseq/bacteria/GCF_000755825.1/GCF_000755825.1_ASM75582v1_genomic.fna.gz,BUMA.1221.00055,Burkholderia_pseudo_mallei_outgroup/1-prepare_module/tmp_files/GCF_000755825.1_ASM75582v1_genomic.fna_prepare-split125N.fna,Burkholderia_pseudo_mallei_outgroup/1-prepare_module/tmp_files/GCF_000755825.1_ASM75582v1_genomic.fna_prepare-split125N.fna,7272702,2,2,GCF_000755825.1_ASM75582v1_genomic.fna_prepare-split125N.fna,ASM75582v1,BSR,Burkholderia pseudomallei BSR
GCF_000756145.1,PRJNA224116,SAMN02864954,,,na,,28450,28450,Burkholderia pseudomallei,strain=1106a,,latest,Complete Genome,Major,Full,2014/09/18,ASM75614v1,Los Alamos National Laboratory,GCA_000756145.1,identical,https://ftp.ncbi.nlm.nih.gov/genomes/all/GCF/000/756/145/GCF_000756145.1_ASM75614v1,./Burkholderia_pseudo_mallei_outgroup/1-prepare_module/refseq/bacteria/GCF_000756145.1/GCF_000756145.1_ASM75614v1_genomic.fna.gz,BUMA.1221.00057,Burkholderia_pseudo_mallei_outgroup/1-prepare_module/tmp_files/GCF_000756145.1_ASM75614v1_genomic.fna_prepare-split125N.fna,Burkholderia_pseudo_mallei_outgroup/1-prepare_module/tmp_files/GCF_000756145.1_ASM75614v1_genomic.fna_prepare-split125N.fna,7086433,2,2,GCF_000756145.1_ASM75614v1_genomic.fna_prepare-split125N.fna,ASM75614v1,1106a,Burkholderia pseudomallei 1106a
GCF_000756165.1,PRJNA224116,SAMN02866334,,,na,,28450,28450,Burkholderia pseudomallei,strain=MSHR1655,,latest,Complete Genome,Major,Full,2014/09/18,ASM75616v1,Los Alamos National Laboratory,GCA_000756165.1,identical,https://ftp.ncbi.nlm.nih.gov/genomes/all/GCF/000/756/165/GCF_000756165.1_ASM75616v1,./Burkholderia_pseudo_mallei_outgroup/1-prepare_module/refseq/bacteria/GCF_000756165.1/GCF_000756165.1_ASM75616v1_genomic.fna.gz,BUMA.1221.00059,Burkholderia_pseudo_mallei_outgroup/1-prepare_module/tmp_files/GCF_000756165.1_ASM75616v1_genomic.fna_prepare-split125N.fna,Burkholderia_pseudo_mallei_outgroup/1-prepare_module/tmp_files/GCF_000756165.1_ASM75616v1_genomic.fna_prepare-split125N.fna,7027950,2,2,GCF_000756165.1_ASM75616v1_genomic.fna_prepare-split125N.fna,ASM75616v1,MSHR1655,Burkholderia pseudomallei MSHR1655
GCF_000757015.2,PRJNA224116,SAMN02849693,,,na,,28450,28450,Burkholderia pseudomallei,strain=PHLS 112,,latest,Complete Genome,Major,Full,2015/03/20,ASM75701v2,Los Alamos National Laboratory,GCA_000757015.2,identical,https://ftp.ncbi.nlm.nih.gov/genomes/all/GCF/000/757/015/GCF_000757015.2_ASM75701v2,./Burkholderia_pseudo_mallei_outgroup/1-prepare_module/refseq/bacteria/GCF_000757015.2/GCF_000757015.2_ASM75701v2_genomic.fna.gz,BUMA.1221.00061,Burkholderia_pseudo_mallei_outgroup/1-prepare_module/tmp_files/GCF_000757015.2_ASM75701v2_genomic.fna_prepare-split125N.fna,Burkholderia_pseudo_mallei_outgroup/1-prepare_module/tmp_files/GCF_000757015.2_ASM75701v2_genomic.fna_prepare-split125N.fna,7202363,2,2,GCF_000757015.2_ASM75701v2_genomic.fna_prepare-split125N.fna,ASM75701v2,PHLS 112,Burkholderia pseudomallei PHLS 112
GCF_000770565.1,PRJNA224116,SAMN02951647,,,na,,28450,28450,Burkholderia pseudomallei,strain=TSV202,,latest,Complete Genome,Major,Full,2014/10/31,ASM77056v1,Los Alamos National Laboratory,GCA_000770565.1,identical,https://ftp.ncbi.nlm.nih.gov/genomes/all/GCF/000/770/565/GCF_000770565.1_ASM77056v1,./Burkholderia_pseudo_mallei_outgroup/1-prepare_module/refseq/bacteria/GCF_000770565.1/GCF_000770565.1_ASM77056v1_genomic.fna.gz,BUMA.1221.00113,Burkholderia_pseudo_mallei_outgroup/1-prepare_module/tmp_files/GCF_000770565.1_ASM77056v1_genomic.fna_prepare-split125N.fna,Burkholderia_pseudo_mallei_outgroup/1-prepare_module/tmp_files/GCF_000770565.1_ASM77056v1_genomic.fna_prepare-split125N.fna,7814142,4,2,GCF_000770565.1_ASM77056v1_genomic.fna_prepare-split125N.fna,ASM77056v1,TSV202,Burkholderia pseudomallei TSV202
GCF_000954175.1,PRJNA224116,SAMN03372474,,,na,,28450,28450,Burkholderia pseudomallei,strain=vgh07,human,latest,Complete Genome,Major,Full,2015/03/17,ASM95417v1,National Kaohsiung Normal University,GCA_000954175.1,identical,https://ftp.ncbi.nlm.nih.gov/genomes/all/GCF/000/954/175/GCF_000954175.1_ASM95417v1,./Burkholderia_pseudo_mallei_outgroup/1-prepare_module/refseq/bacteria/GCF_000954175.1/GCF_000954175.1_ASM95417v1_genomic.fna.gz,BUMA.1221.00064,Burkholderia_pseudo_mallei_outgroup/1-prepare_module/tmp_files/GCF_000954175.1_ASM95417v1_genomic.fna_prepare-split125N.fna,Burkholderia_pseudo_mallei_outgroup/1-prepare_module/tmp_files/GCF_000954175.1_ASM95417v1_genomic.fna_prepare-split125N.fna,7045782,2,2,GCF_000954175.1_ASM95417v1_genomic.fna_prepare-split125N.fna,ASM95417v1,vgh07,Burkholderia pseudomallei vgh07
GCF_000959305.1,PRJNA224116,SAMN03075633,,,na,,28450,28450,Burkholderia pseudomallei,strain=MSHR668,,latest,Complete Genome,Major,Full,2015/03/20,ASM95930v1,Los Alamos National Laboratory,GCA_000959305.1,identical,https://ftp.ncbi.nlm.nih.gov/genomes/all/GCF/000/959/305/GCF_000959305.1_ASM95930v1,./Burkholderia_pseudo_mallei_outgroup/1-prepare_module/refseq/bacteria/GCF_000959305.1/GCF_000959305.1_ASM95930v1_genomic.fna.gz,BUMA.1221.00003,Burkholderia_pseudo_mallei_outgroup/1-prepare_module/tmp_files/GCF_000959305.1_ASM95930v1_genomic.fna_prepare-split125N.fna,Burkholderia_pseudo_mallei_outgroup/1-prepare_module/tmp_files/GCF_000959305.1_ASM95930v1_genomic.fna_prepare-split125N.fna,7042714,2,2,GCF_000959305.1_ASM95930v1_genomic.fna_prepare-split125N.fna,ASM95930v1,MSHR668,Burkholderia pseudomallei MSHR668
GCF_001277875.1,PRJNA224116,SAMN04009759,,,na,,28450,28450,Burkholderia pseudomallei,strain=vgh16R,,latest,Complete Genome,Major,Full,2015/09/02,ASM127787v1,National Kaohsiung Normal University,GCA_001277875.1,identical,https://ftp.ncbi.nlm.nih.gov/genomes/all/GCF/001/277/875/GCF_001277875.1_ASM127787v1,./Burkholderia_pseudo_mallei_outgroup/1-prepare_module/refseq/bacteria/GCF_001277875.1/GCF_001277875.1_ASM127787v1_genomic.fna.gz,BUMA.1221.00065,Burkholderia_pseudo_mallei_outgroup/1-prepare_module/tmp_files/GCF_001277875.1_ASM127787v1_genomic.fna_prepare-split125N.fna,Burkholderia_pseudo_mallei_outgroup/1-prepare_module/tmp_files/GCF_001277875.1_ASM127787v1_genomic.fna_prepare-split125N.fna,7266508,2,2,GCF_001277875.1_ASM127787v1_genomic.fna_prepare-split125N.fna,ASM127787v1,vgh16R,Burkholderia pseudomallei vgh16R
GCF_001277975.1,PRJNA224116,SAMN04011951,,,na,,28450,28450,Burkholderia pseudomallei,strain=982,,latest,Complete Genome,Major,Full,2015/09/02,ASM127797v1,University of Malaya,GCA_001277975.1,identical,https://ftp.ncbi.nlm.nih.gov/genomes/all/GCF/001/277/975/GCF_001277975.1_ASM127797v1,./Burkholderia_pseudo_mallei_outgroup/1-prepare_module/refseq/bacteria/GCF_001277975.1/GCF_001277975.1_ASM127797v1_genomic.fna.gz,BUMA.1221.00067,Burkholderia_pseudo_mallei_outgroup/1-prepare_module/tmp_files/GCF_001277975.1_ASM127797v1_genomic.fna_prepare-split125N.fna,Burkholderia_pseudo_mallei_outgroup/1-prepare_module/tmp_files/GCF_001277975.1_ASM127797v1_genomic.fna_prepare-split125N.fna,7184677,2,2,GCF_001277975.1_ASM127797v1_genomic.fna_prepare-split125N.fna,ASM127797v1,982,Burkholderia pseudomallei 982
GCF_001318245.1,PRJNA224116,SAMN03451120,,,na,,28450,28450,Burkholderia pseudomallei,strain=Bp1651,,latest,Complete Genome,Major,Full,2015/10/16,ASM131824v1,Centers for Disease Control and Prevention,GCA_001318245.1,identical,https://ftp.ncbi.nlm.nih.gov/genomes/all/GCF/001/318/245/GCF_001318245.1_ASM131824v1,./Burkholderia_pseudo_mallei_outgroup/1-prepare_module/refseq/bacteria/GCF_001318245.1/GCF_001318245.1_ASM131824v1_genomic.fna.gz,BUMA.1221.00068,Burkholderia_pseudo_mallei_outgroup/1-prepare_module/tmp_files/GCF_001318245.1_ASM131824v1_genomic.fna_prepare-split125N.fna,Burkholderia_pseudo_mallei_outgroup/1-prepare_module/tmp_files/GCF_001318245.1_ASM131824v1_genomic.fna_prepare-split125N.fna,7260025,2,2,GCF_001318245.1_ASM131824v1_genomic.fna_prepare-split125N.fna,ASM131824v1,Bp1651,Burkholderia pseudomallei Bp1651
GCF_001695735.1,PRJNA224116,SAMN04966273,,,na,,28450,28450,Burkholderia pseudomallei,strain=MS,,latest,Complete Genome,Major,Full,2016/07/28,ASM169573v1,University of Malaya,GCA_001695735.1,identical,https://ftp.ncbi.nlm.nih.gov/genomes/all/GCF/001/695/735/GCF_001695735.1_ASM169573v1,./Burkholderia_pseudo_mallei_outgroup/1-prepare_module/refseq/bacteria/GCF_001695735.1/GCF_001695735.1_ASM169573v1_genomic.fna.gz,BUMA.1221.00005,Burkholderia_pseudo_mallei_outgroup/1-prepare_module/tmp_files/GCF_001695735.1_ASM169573v1_genomic.fna_prepare-split125N.fna,Burkholderia_pseudo_mallei_outgroup/1-prepare_module/tmp_files/GCF_001695735.1_ASM169573v1_genomic.fna_prepare-split125N.fna,7313636,2,2,GCF_001695735.1_ASM169573v1_genomic.fna_prepare-split125N.fna,ASM169573v1,MS,Burkholderia pseudomallei MS
GCF_001885195.1,PRJNA224116,SAMN05930279,,,na,,28450,28450,Burkholderia pseudomallei,strain=VB976100,,latest,Complete Genome,Major,Full,2016/11/22,ASM188519v1,"Friedrich Loeffler Institut, Federal Research Institute for Animal Health",GCA_001885195.1,identical,https://ftp.ncbi.nlm.nih.gov/genomes/all/GCF/001/885/195/GCF_001885195.1_ASM188519v1,./Burkholderia_pseudo_mallei_outgroup/1-prepare_module/refseq/bacteria/GCF_001885195.1/GCF_001885195.1_ASM188519v1_genomic.fna.gz,BUMA.1221.00001,Burkholderia_pseudo_mallei_outgroup/1-prepare_module/tmp_files/GCF_001885195.1_ASM188519v1_genomic.fna_prepare-split125N.fna,Burkholderia_pseudo_mallei_outgroup/1-prepare_module/tmp_files/GCF_001885195.1_ASM188519v1_genomic.fna_prepare-split125N.fna,7281208,2,2,GCF_001885195.1_ASM188519v1_genomic.fna_prepare-split125N.fna,ASM188519v1,VB976100,Burkholderia pseudomallei VB976100
GCF_001887555.1,PRJNA224116,SAMN05571215,,,na,,28450,28450,Burkholderia pseudomallei,strain=Burk178-Type1,,latest,Complete Genome,Major,Full,2016/11/30,ASM188755v1,USAMRIID,GCA_001887555.1,identical,https://ftp.ncbi.nlm.nih.gov/genomes/all/GCF/001/887/555/GCF_001887555.1_ASM188755v1,./Burkholderia_pseudo_mallei_outgroup/1-prepare_module/refseq/bacteria/GCF_001887555.1/GCF_001887555.1_ASM188755v1_genomic.fna.gz,BUMA.1221.00007,Burkholderia_pseudo_mallei_outgroup/1-prepare_module/tmp_files/GCF_001887555.1_ASM188755v1_genomic.fna_prepare-split125N.fna,Burkholderia_pseudo_mallei_outgroup/1-prepare_module/tmp_files/GCF_001887555.1_ASM188755v1_genomic.fna_prepare-split125N.fna,7290949,2,2,GCF_001887555.1_ASM188755v1_genomic.fna_prepare-split125N.fna,ASM188755v1,Burk178-Type1,Burkholderia pseudomallei Burk178-Type1
GCF_001975065.1,PRJNA224116,SAMN05607057,,,na,,28450,28450,Burkholderia pseudomallei,strain=MSHR7929,,latest,Complete Genome,Major,Full,2017/01/30,ASM197506v1,Menzies School of Health Research,GCA_001975065.1,identical,https://ftp.ncbi.nlm.nih.gov/genomes/all/GCF/001/975/065/GCF_001975065.1_ASM197506v1,./Burkholderia_pseudo_mallei_outgroup/1-prepare_module/refseq/bacteria/GCF_001975065.1/GCF_001975065.1_ASM197506v1_genomic.fna.gz,BUMA.1221.00009,Burkholderia_pseudo_mallei_outgroup/1-prepare_module/tmp_files/GCF_001975065.1_ASM197506v1_genomic.fna_prepare-split125N.fna,Burkholderia_pseudo_mallei_outgroup/1-prepare_module/tmp_files/GCF_001975065.1_ASM197506v1_genomic.fna_prepare-split125N.fna,7248498,2,2,GCF_001975065.1_ASM197506v1_genomic.fna_prepare-split125N.fna,ASM197506v1,MSHR7929,Burkholderia pseudomallei MSHR7929
GCF_001975105.1,PRJNA224116,SAMN05607051,,,na,,28450,28450,Burkholderia pseudomallei,strain=MSHR5864,,latest,Complete Genome,Major,Full,2017/01/30,ASM197510v1,Menzies School of Health Research,GCA_001975105.1,identical,https://ftp.ncbi.nlm.nih.gov/genomes/all/GCF/001/975/105/GCF_001975105.1_ASM197510v1,./Burkholderia_pseudo_mallei_outgroup/1-prepare_module/refseq/bacteria/GCF_001975105.1/GCF_001975105.1_ASM197510v1_genomic.fna.gz,BUMA.1221.00011,Burkholderia_pseudo_mallei_outgroup/1-prepare_module/tmp_files/GCF_001975105.1_ASM197510v1_genomic.fna_prepare-split125N.fna,Burkholderia_pseudo_mallei_outgroup/1-prepare_module/tmp_files/GCF_001975105.1_ASM197510v1_genomic.fna_prepare-split125N.fna,7317380,2,2,GCF_001975105.1_ASM197510v1_genomic.fna_prepare-split125N.fna,ASM197510v1,MSHR5864,Burkholderia pseudomallei MSHR5864
GCF_002110945.1,PRJNA224116,SAMN06007561,,,na,,28450,28450,Burkholderia pseudomallei,strain=2008724734,,latest,Complete Genome,Major,Full,2017/04/26,ASM211094v1,Centers for Disease Control and Prevention,GCA_002110945.1,identical,https://ftp.ncbi.nlm.nih.gov/genomes/all/GCF/002/110/945/GCF_002110945.1_ASM211094v1,./Burkholderia_pseudo_mallei_outgroup/1-prepare_module/refseq/bacteria/GCF_002110945.1/GCF_002110945.1_ASM211094v1_genomic.fna.gz,BUMA.1221.00015,Burkholderia_pseudo_mallei_outgroup/1-prepare_module/tmp_files/GCF_002110945.1_ASM211094v1_genomic.fna_prepare-split125N.fna,Burkholderia_pseudo_mallei_outgroup/1-prepare_module/tmp_files/GCF_002110945.1_ASM211094v1_genomic.fna_prepare-split125N.fna,7482386,2,2,GCF_002110945.1_ASM211094v1_genomic.fna_prepare-split125N.fna,ASM211094v1,2008724734,Burkholderia pseudomallei 2008724734
GCF_002110965.1,PRJNA224116,SAMN06007566,,,na,,28450,28450,Burkholderia pseudomallei,strain=2011756295,,latest,Complete Genome,Major,Full,2017/04/26,ASM211096v1,Centers for Disease Control and Prevention,GCA_002110965.1,identical,https://ftp.ncbi.nlm.nih.gov/genomes/all/GCF/002/110/965/GCF_002110965.1_ASM211096v1,./Burkholderia_pseudo_mallei_outgroup/1-prepare_module/refseq/bacteria/GCF_002110965.1/GCF_002110965.1_ASM211096v1_genomic.fna.gz,BUMA.1221.00017,Burkholderia_pseudo_mallei_outgroup/1-prepare_module/tmp_files/GCF_002110965.1_ASM211096v1_genomic.fna_prepare-split125N.fna,Burkholderia_pseudo_mallei_outgroup/1-prepare_module/tmp_files/GCF_002110965.1_ASM211096v1_genomic.fna_prepare-split125N.fna,7498324,2,2,GCF_002110965.1_ASM211096v1_genomic.fna_prepare-split125N.fna,ASM211096v1,2011756295,Burkholderia pseudomallei 2011756295
GCF_002111045.1,PRJNA224116,SAMN06007576,,,na,,28450,28450,Burkholderia pseudomallei,strain=3000015237,,latest,Complete Genome,Major,Full,2017/04/26,ASM211104v1,Centers for Disease Control and Prevention,GCA_002111045.1,identical,https://ftp.ncbi.nlm.nih.gov/genomes/all/GCF/002/111/045/GCF_002111045.1_ASM211104v1,./Burkholderia_pseudo_mallei_outgroup/1-prepare_module/refseq/bacteria/GCF_002111045.1/GCF_002111045.1_ASM211104v1_genomic.fna.gz,BUMA.1221.00019,Burkholderia_pseudo_mallei_outgroup/1-prepare_module/tmp_files/GCF_002111045.1_ASM211104v1_genomic.fna_prepare-split125N.fna,Burkholderia_pseudo_mallei_outgroup/1-prepare_module/tmp_files/GCF_002111045.1_ASM211104v1_genomic.fna_prepare-split125N.fna,7319687,2,2,GCF_002111045.1_ASM211104v1_genomic.fna_prepare-split125N.fna,ASM211104v1,3000015237,Burkholderia pseudomallei 3000015237
GCF_002111105.1,PRJNA224116,SAMN06007559,,,na,,28450,28450,Burkholderia pseudomallei,strain=2002734728,,latest,Complete Genome,Major,Full,2017/04/26,ASM211110v1,Centers for Disease Control and Prevention,GCA_002111105.1,identical,https://ftp.ncbi.nlm.nih.gov/genomes/all/GCF/002/111/105/GCF_002111105.1_ASM211110v1,./Burkholderia_pseudo_mallei_outgroup/1-prepare_module/refseq/bacteria/GCF_002111105.1/GCF_002111105.1_ASM211110v1_genomic.fna.gz,BUMA.1221.00013,Burkholderia_pseudo_mallei_outgroup/1-prepare_module/tmp_files/GCF_002111105.1_ASM211110v1_genomic.fna_prepare-split125N.fna,Burkholderia_pseudo_mallei_outgroup/1-prepare_module/tmp_files/GCF_002111105.1_ASM211110v1_genomic.fna_prepare-split125N.fna,7234496,2,2,GCF_002111105.1_ASM211110v1_genomic.fna_prepare-split125N.fna,ASM211110v1,2002734728,Burkholderia pseudomallei 2002734728
GCF_002111125.1,PRJNA224116,SAMN06007563,,,na,,28450,28450,Burkholderia pseudomallei,strain=2008724860,,latest,Complete Genome,Major,Full,2017/04/26,ASM211112v1,Centers for Disease Control and Prevention,GCA_002111125.1,identical,https://ftp.ncbi.nlm.nih.gov/genomes/all/GCF/002/111/125/GCF_002111125.1_ASM211112v1,./Burkholderia_pseudo_mallei_outgroup/1-prepare_module/refseq/bacteria/GCF_002111125.1/GCF_002111125.1_ASM211112v1_genomic.fna.gz,BUMA.1221.00112,Burkholderia_pseudo_mallei_outgroup/1-prepare_module/tmp_files/GCF_002111125.1_ASM211112v1_genomic.fna_prepare-split125N.fna,Burkholderia_pseudo_mallei_outgroup/1-prepare_module/tmp_files/GCF_002111125.1_ASM211112v1_genomic.fna_prepare-split125N.fna,7542656,3,2,GCF_002111125.1_ASM211112v1_genomic.fna_prepare-split125N.fna,ASM211112v1,2008724860,Burkholderia pseudomallei 2008724860
GCF_002111145.1,PRJNA224116,SAMN06007564,,,na,,28450,28450,Burkholderia pseudomallei,strain=2010007509,,latest,Complete Genome,Major,Full,2017/04/26,ASM211114v1,Centers for Disease Control and Prevention,GCA_002111145.1,identical,https://ftp.ncbi.nlm.nih.gov/genomes/all/GCF/002/111/145/GCF_002111145.1_ASM211114v1,./Burkholderia_pseudo_mallei_outgroup/1-prepare_module/refseq/bacteria/GCF_002111145.1/GCF_002111145.1_ASM211114v1_genomic.fna.gz,BUMA.1221.00022,Burkholderia_pseudo_mallei_outgroup/1-prepare_module/tmp_files/GCF_002111145.1_ASM211114v1_genomic.fna_prepare-split125N.fna,Burkholderia_pseudo_mallei_outgroup/1-prepare_module/tmp_files/GCF_002111145.1_ASM211114v1_genomic.fna_prepare-split125N.fna,7186084,2,2,GCF_002111145.1_ASM211114v1_genomic.fna_prepare-split125N.fna,ASM211114v1,2010007509,Burkholderia pseudomallei 2010007509
GCF_002111165.1,PRJNA224116,SAMN06007565,,,na,,28450,28450,Burkholderia pseudomallei,strain=2011756189,,latest,Complete Genome,Major,Full,2017/04/26,ASM211116v1,Centers for Disease Control and Prevention,GCA_002111165.1,identical,https://ftp.ncbi.nlm.nih.gov/genomes/all/GCF/002/111/165/GCF_002111165.1_ASM211116v1,./Burkholderia_pseudo_mallei_outgroup/1-prepare_module/refseq/bacteria/GCF_002111165.1/GCF_002111165.1_ASM211116v1_genomic.fna.gz,BUMA.1221.00024,Burkholderia_pseudo_mallei_outgroup/1-prepare_module/tmp_files/GCF_002111165.1_ASM211116v1_genomic.fna_prepare-split125N.fna,Burkholderia_pseudo_mallei_outgroup/1-prepare_module/tmp_files/GCF_002111165.1_ASM211116v1_genomic.fna_prepare-split125N.fna,7344971,2,2,GCF_002111165.1_ASM211116v1_genomic.fna_prepare-split125N.fna,ASM211116v1,2011756189,Burkholderia pseudomallei 2011756189
GCF_002111205.1,PRJNA224116,SAMN06007569,,,na,,28450,28450,Burkholderia pseudomallei,strain=2013746777,,latest,Complete Genome,Major,Full,2017/04/26,ASM211120v1,Centers for Disease Control and Prevention,GCA_002111205.1,identical,https://ftp.ncbi.nlm.nih.gov/genomes/all/GCF/002/111/205/GCF_002111205.1_ASM211120v1,./Burkholderia_pseudo_mallei_outgroup/1-prepare_module/refseq/bacteria/GCF_002111205.1/GCF_002111205.1_ASM211120v1_genomic.fna.gz,BUMA.1221.00026,Burkholderia_pseudo_mallei_outgroup/1-prepare_module/tmp_files/GCF_002111205.1_ASM211120v1_genomic.fna_prepare-split125N.fna,Burkholderia_pseudo_mallei_outgroup/1-prepare_module/tmp_files/GCF_002111205.1_ASM211120v1_genomic.fna_prepare-split125N.fna,7270495,2,2,GCF_002111205.1_ASM211120v1_genomic.fna_prepare-split125N.fna,ASM211120v1,2013746777,Burkholderia pseudomallei 2013746777
GCF_002111225.1,PRJNA224116,SAMN06007570,,,na,,28450,28450,Burkholderia pseudomallei,strain=2013746811,,latest,Complete Genome,Major,Full,2017/04/26,ASM211122v1,Centers for Disease Control and Prevention,GCA_002111225.1,identical,https://ftp.ncbi.nlm.nih.gov/genomes/all/GCF/002/111/225/GCF_002111225.1_ASM211122v1,./Burkholderia_pseudo_mallei_outgroup/1-prepare_module/refseq/bacteria/GCF_002111225.1/GCF_002111225.1_ASM211122v1_genomic.fna.gz,BUMA.1221.00028,Burkholderia_pseudo_mallei_outgroup/1-prepare_module/tmp_files/GCF_002111225.1_ASM211122v1_genomic.fna_prepare-split125N.fna,Burkholderia_pseudo_mallei_outgroup/1-prepare_module/tmp_files/GCF_002111225.1_ASM211122v1_genomic.fna_prepare-split125N.fna,7200858,2,2,GCF_002111225.1_ASM211122v1_genomic.fna_prepare-split125N.fna,ASM211122v1,2013746811,Burkholderia pseudomallei 2013746811
GCF_002111245.1,PRJNA224116,SAMN06007571,,,na,,28450,28450,Burkholderia pseudomallei,strain=2013746877,,latest,Complete Genome,Major,Full,2017/04/26,ASM211124v1,Centers for Disease Control and Prevention,GCA_002111245.1,identical,https://ftp.ncbi.nlm.nih.gov/genomes/all/GCF/002/111/245/GCF_002111245.1_ASM211124v1,./Burkholderia_pseudo_mallei_outgroup/1-prepare_module/refseq/bacteria/GCF_002111245.1/GCF_002111245.1_ASM211124v1_genomic.fna.gz,BUMA.1221.00030,Burkholderia_pseudo_mallei_outgroup/1-prepare_module/tmp_files/GCF_002111245.1_ASM211124v1_genomic.fna_prepare-split125N.fna,Burkholderia_pseudo_mallei_outgroup/1-prepare_module/tmp_files/GCF_002111245.1_ASM211124v1_genomic.fna_prepare-split125N.fna,7330290,2,2,GCF_002111245.1_ASM211124v1_genomic.fna_prepare-split125N.fna,ASM211124v1,2013746877,Burkholderia pseudomallei 2013746877
GCF_002111265.1,PRJNA224116,SAMN06007574,,,na,,28450,28450,Burkholderia pseudomallei,strain=2013833057,,latest,Complete Genome,Major,Full,2017/04/26,ASM211126v1,Centers for Disease Control and Prevention,GCA_002111265.1,identical,https://ftp.ncbi.nlm.nih.gov/genomes/all/GCF/002/111/265/GCF_002111265.1_ASM211126v1,./Burkholderia_pseudo_mallei_outgroup/1-prepare_module/refseq/bacteria/GCF_002111265.1/GCF_002111265.1_ASM211126v1_genomic.fna.gz,BUMA.1221.00032,Burkholderia_pseudo_mallei_outgroup/1-prepare_module/tmp_files/GCF_002111265.1_ASM211126v1_genomic.fna_prepare-split125N.fna,Burkholderia_pseudo_mallei_outgroup/1-prepare_module/tmp_files/GCF_002111265.1_ASM211126v1_genomic.fna_prepare-split125N.fna,7343602,2,2,GCF_002111265.1_ASM211126v1_genomic.fna_prepare-split125N.fna,ASM211126v1,2013833057,Burkholderia pseudomallei 2013833057
GCF_002111285.1,PRJNA224116,SAMN06007578,,,na,,28450,28450,Burkholderia pseudomallei,strain=3000047530,,latest,Complete Genome,Major,Full,2017/04/26,ASM211128v1,Centers for Disease Control and Prevention,GCA_002111285.1,identical,https://ftp.ncbi.nlm.nih.gov/genomes/all/GCF/002/111/285/GCF_002111285.1_ASM211128v1,./Burkholderia_pseudo_mallei_outgroup/1-prepare_module/refseq/bacteria/GCF_002111285.1/GCF_002111285.1_ASM211128v1_genomic.fna.gz,BUMA.1221.00034,Burkholderia_pseudo_mallei_outgroup/1-prepare_module/tmp_files/GCF_002111285.1_ASM211128v1_genomic.fna_prepare-split125N.fna,Burkholderia_pseudo_mallei_outgroup/1-prepare_module/tmp_files/GCF_002111285.1_ASM211128v1_genomic.fna_prepare-split125N.fna,7436525,2,2,GCF_002111285.1_ASM211128v1_genomic.fna_prepare-split125N.fna,ASM211128v1,3000047530,Burkholderia pseudomallei 3000047530
GCF_002111305.1,PRJNA224116,SAMN06007579,,,na,,28450,28450,Burkholderia pseudomallei,strain=3000465972,,latest,Complete Genome,Major,Full,2017/04/26,ASM211130v1,Centers for Disease Control and Prevention,GCA_002111305.1,identical,https://ftp.ncbi.nlm.nih.gov/genomes/all/GCF/002/111/305/GCF_002111305.1_ASM211130v1,./Burkholderia_pseudo_mallei_outgroup/1-prepare_module/refseq/bacteria/GCF_002111305.1/GCF_002111305.1_ASM211130v1_genomic.fna.gz,BUMA.1221.00036,Burkholderia_pseudo_mallei_outgroup/1-prepare_module/tmp_files/GCF_002111305.1_ASM211130v1_genomic.fna_prepare-split125N.fna,Burkholderia_pseudo_mallei_outgroup/1-prepare_module/tmp_files/GCF_002111305.1_ASM211130v1_genomic.fna_prepare-split125N.fna,7428404,2,2,GCF_002111305.1_ASM211130v1_genomic.fna_prepare-split125N.fna,ASM211130v1,3000465972,Burkholderia pseudomallei 3000465972
GCF_002111325.1,PRJNA224116,SAMN06007555,,,na,,28450,28450,Burkholderia pseudomallei,strain=2002721123,,latest,Complete Genome,Major,Full,2017/04/26,ASM211132v1,Centers for Disease Control and Prevention,GCA_002111325.1,identical,https://ftp.ncbi.nlm.nih.gov/genomes/all/GCF/002/111/325/GCF_002111325.1_ASM211132v1,./Burkholderia_pseudo_mallei_outgroup/1-prepare_module/refseq/bacteria/GCF_002111325.1/GCF_002111325.1_ASM211132v1_genomic.fna.gz,BUMA.1221.00038,Burkholderia_pseudo_mallei_outgroup/1-prepare_module/tmp_files/GCF_002111325.1_ASM211132v1_genomic.fna_prepare-split125N.fna,Burkholderia_pseudo_mallei_outgroup/1-prepare_module/tmp_files/GCF_002111325.1_ASM211132v1_genomic.fna_prepare-split125N.fna,7235491,2,2,GCF_002111325.1_ASM211132v1_genomic.fna_prepare-split125N.fna,ASM211132v1,2002721123,Burkholderia pseudomallei 2002721123
GCF_002111345.1,PRJNA224116,SAMN06007556,,,na,,28450,28450,Burkholderia pseudomallei,strain=2002721171,,latest,Complete Genome,Major,Full,2017/04/26,ASM211134v1,Centers for Disease Control and Prevention,GCA_002111345.1,identical,https://ftp.ncbi.nlm.nih.gov/genomes/all/GCF/002/111/345/GCF_002111345.1_ASM211134v1,./Burkholderia_pseudo_mallei_outgroup/1-prepare_module/refseq/bacteria/GCF_002111345.1/GCF_002111345.1_ASM211134v1_genomic.fna.gz,BUMA.1221.00040,Burkholderia_pseudo_mallei_outgroup/1-prepare_module/tmp_files/GCF_002111345.1_ASM211134v1_genomic.fna_prepare-split125N.fna,Burkholderia_pseudo_mallei_outgroup/1-prepare_module/tmp_files/GCF_002111345.1_ASM211134v1_genomic.fna_prepare-split125N.fna,7191137,2,2,GCF_002111345.1_ASM211134v1_genomic.fna_prepare-split125N.fna,ASM211134v1,2002721171,Burkholderia pseudomallei 2002721171
GCF_002111365.1,PRJNA224116,SAMN06007562,,,na,,28450,28450,Burkholderia pseudomallei,strain=2008724758,,latest,Complete Genome,Major,Full,2017/04/26,ASM211136v1,Centers for Disease Control and Prevention,GCA_002111365.1,identical,https://ftp.ncbi.nlm.nih.gov/genomes/all/GCF/002/111/365/GCF_002111365.1_ASM211136v1,./Burkholderia_pseudo_mallei_outgroup/1-prepare_module/refseq/bacteria/GCF_002111365.1/GCF_002111365.1_ASM211136v1_genomic.fna.gz,BUMA.1221.00042,Burkholderia_pseudo_mallei_outgroup/1-prepare_module/tmp_files/GCF_002111365.1_ASM211136v1_genomic.fna_prepare-split125N.fna,Burkholderia_pseudo_mallei_outgroup/1-prepare_module/tmp_files/GCF_002111365.1_ASM211136v1_genomic.fna_prepare-split125N.fna,7383789,2,2,GCF_002111365.1_ASM211136v1_genomic.fna_prepare-split125N.fna,ASM211136v1,2008724758,Burkholderia pseudomallei 2008724758
GCF_002111385.1,PRJNA224116,SAMN06007577,,,na,,28450,28450,Burkholderia pseudomallei,strain=3000015486,,latest,Complete Genome,Major,Full,2017/04/26,ASM211138v1,Centers for Disease Control and Prevention,GCA_002111385.1,identical,https://ftp.ncbi.nlm.nih.gov/genomes/all/GCF/002/111/385/GCF_002111385.1_ASM211138v1,./Burkholderia_pseudo_mallei_outgroup/1-prepare_module/refseq/bacteria/GCF_002111385.1/GCF_002111385.1_ASM211138v1_genomic.fna.gz,BUMA.1221.00044,Burkholderia_pseudo_mallei_outgroup/1-prepare_module/tmp_files/GCF_002111385.1_ASM211138v1_genomic.fna_prepare-split125N.fna,Burkholderia_pseudo_mallei_outgroup/1-prepare_module/tmp_files/GCF_002111385.1_ASM211138v1_genomic.fna_prepare-split125N.fna,7447673,2,2,GCF_002111385.1_ASM211138v1_genomic.fna_prepare-split125N.fna,ASM211138v1,3000015486,Burkholderia pseudomallei 3000015486
GCF_002843645.1,PRJNA224116,SAMN06473485,,,na,,28450,28450,Burkholderia pseudomallei,strain=MSHR1435,,latest,Complete Genome,Major,Full,2017/12/17,ASM284364v1,Northern Arizona University,GCA_002843645.1,identical,https://ftp.ncbi.nlm.nih.gov/genomes/all/GCF/002/843/645/GCF_002843645.1_ASM284364v1,./Burkholderia_pseudo_mallei_outgroup/1-prepare_module/refseq/bacteria/GCF_002843645.1/GCF_002843645.1_ASM284364v1_genomic.fna.gz,BUMA.1221.00046,Burkholderia_pseudo_mallei_outgroup/1-prepare_module/tmp_files/GCF_002843645.1_ASM284364v1_genomic.fna_prepare-split125N.fna,Burkholderia_pseudo_mallei_outgroup/1-prepare_module/tmp_files/GCF_002843645.1_ASM284364v1_genomic.fna_prepare-split125N.fna,7278330,2,2,GCF_002843645.1_ASM284364v1_genomic.fna_prepare-split125N.fna,ASM284364v1,MSHR1435,Burkholderia pseudomallei MSHR1435
GCF_002860065.1,PRJNA224116,SAMN05762138,,,na,,28450,28450,Burkholderia pseudomallei,strain=14M0960418,,latest,Complete Genome,Major,Full,2018/01/04,ASM286006v1,The University of Hong Kong,GCA_002860065.1,identical,https://ftp.ncbi.nlm.nih.gov/genomes/all/GCF/002/860/065/GCF_002860065.1_ASM286006v1,./Burkholderia_pseudo_mallei_outgroup/1-prepare_module/refseq/bacteria/GCF_002860065.1/GCF_002860065.1_ASM286006v1_genomic.fna.gz,BUMA.1221.00048,Burkholderia_pseudo_mallei_outgroup/1-prepare_module/tmp_files/GCF_002860065.1_ASM286006v1_genomic.fna_prepare-split125N.fna,Burkholderia_pseudo_mallei_outgroup/1-prepare_module/tmp_files/GCF_002860065.1_ASM286006v1_genomic.fna_prepare-split125N.fna,7222235,2,2,GCF_002860065.1_ASM286006v1_genomic.fna_prepare-split125N.fna,ASM286006v1,14M0960418,Burkholderia pseudomallei 14M0960418
GCF_003445415.1,PRJNA224116,SAMN02864945,,,na,,28450,28450,Burkholderia pseudomallei,strain=9,,latest,Complete Genome,Major,Full,2014/09/18,ASM344541v1,Los Alamos National Laboratory,GCA_003445415.1,different,https://ftp.ncbi.nlm.nih.gov/genomes/all/GCF/003/445/415/GCF_003445415.1_ASM344541v1,./Burkholderia_pseudo_mallei_outgroup/1-prepare_module/refseq/bacteria/GCF_003445415.1/GCF_003445415.1_ASM344541v1_genomic.fna.gz,BUMA.1221.00050,Burkholderia_pseudo_mallei_outgroup/1-prepare_module/tmp_files/GCF_003445415.1_ASM344541v1_genomic.fna_prepare-split125N.fna,Burkholderia_pseudo_mallei_outgroup/1-prepare_module/tmp_files/GCF_003445415.1_ASM344541v1_genomic.fna_prepare-split125N.fna,7191106,2,2,GCF_003445415.1_ASM344541v1_genomic.fna_prepare-split125N.fna,ASM344541v1,9,Burkholderia pseudomallei 9
GCF_003547035.1,PRJNA224116,SAMN08120362,,,na,,28450,28450,Burkholderia pseudomallei,strain=D286,,latest,Complete Genome,Major,Full,2018/09/12,ASM354703v1,Universiti Kebangsaan Malaysia,GCA_003547035.1,identical,https://ftp.ncbi.nlm.nih.gov/genomes/all/GCF/003/547/035/GCF_003547035.1_ASM354703v1,./Burkholderia_pseudo_mallei_outgroup/1-prepare_module/refseq/bacteria/GCF_003547035.1/GCF_003547035.1_ASM354703v1_genomic.fna.gz,BUMA.1221.00052,Burkholderia_pseudo_mallei_outgroup/1-prepare_module/tmp_files/GCF_003547035.1_ASM354703v1_genomic.fna_prepare-split125N.fna,Burkholderia_pseudo_mallei_outgroup/1-prepare_module/tmp_files/GCF_003547035.1_ASM354703v1_genomic.fna_prepare-split125N.fna,7102313,2,2,GCF_003547035.1_ASM354703v1_genomic.fna_prepare-split125N.fna,ASM354703v1,D286,Burkholderia pseudomallei D286
GCF_003606245.1,PRJNA224116,SAMN07638450,,,na,,28450,28450,Burkholderia pseudomallei,strain=BPHN1,,latest,Complete Genome,Major,Full,2018/10/01,ASM360624v1,Hainan University,GCA_003606245.1,identical,https://ftp.ncbi.nlm.nih.gov/genomes/all/GCF/003/606/245/GCF_003606245.1_ASM360624v1,./Burkholderia_pseudo_mallei_outgroup/1-prepare_module/refseq/bacteria/GCF_003606245.1/GCF_003606245.1_ASM360624v1_genomic.fna.gz,BUMA.1221.00054,Burkholderia_pseudo_mallei_outgroup/1-prepare_module/tmp_files/GCF_003606245.1_ASM360624v1_genomic.fna_prepare-split125N.fna,Burkholderia_pseudo_mallei_outgroup/1-prepare_module/tmp_files/GCF_003606245.1_ASM360624v1_genomic.fna_prepare-split125N.fna,7293627,2,2,GCF_003606245.1_ASM360624v1_genomic.fna_prepare-split125N.fna,ASM360624v1,BPHN1,Burkholderia pseudomallei BPHN1
GCF_003798245.1,PRJNA224116,SAMN10228573,,,na,,28450,28450,Burkholderia pseudomallei,strain=FDAARGOS_593,,latest,Complete Genome,Major,Full,2018/11/20,ASM379824v1,US Food and Drug Administration,GCA_003798245.1,identical,https://ftp.ncbi.nlm.nih.gov/genomes/all/GCF/003/798/245/GCF_003798245.1_ASM379824v1,./Burkholderia_pseudo_mallei_outgroup/1-prepare_module/refseq/bacteria/GCF_003798245.1/GCF_003798245.1_ASM379824v1_genomic.fna.gz,BUMA.1221.00056,Burkholderia_pseudo_mallei_outgroup/1-prepare_module/tmp_files/GCF_003798245.1_ASM379824v1_genomic.fna_prepare-split125N.fna,Burkholderia_pseudo_mallei_outgroup/1-prepare_module/tmp_files/GCF_003798245.1_ASM379824v1_genomic.fna_prepare-split125N.fna,7255525,2,2,GCF_003798245.1_ASM379824v1_genomic.fna_prepare-split125N.fna,ASM379824v1,FDAARGOS_593,Burkholderia pseudomallei FDAARGOS_593
GCF_003798265.1,PRJNA224116,SAMN10228572,,,na,,28450,28450,Burkholderia pseudomallei,strain=FDAARGOS_592,,latest,Complete Genome,Major,Full,2018/11/20,ASM379826v1,US Food and Drug Administration,GCA_003798265.1,identical,https://ftp.ncbi.nlm.nih.gov/genomes/all/GCF/003/798/265/GCF_003798265.1_ASM379826v1,./Burkholderia_pseudo_mallei_outgroup/1-prepare_module/refseq/bacteria/GCF_003798265.1/GCF_003798265.1_ASM379826v1_genomic.fna.gz,BUMA.1221.00058,Burkholderia_pseudo_mallei_outgroup/1-prepare_module/tmp_files/GCF_003798265.1_ASM379826v1_genomic.fna_prepare-split125N.fna,Burkholderia_pseudo_mallei_outgroup/1-prepare_module/tmp_files/GCF_003798265.1_ASM379826v1_genomic.fna_prepare-split125N.fna,7146686,2,2,GCF_003798265.1_ASM379826v1_genomic.fna_prepare-split125N.fna,ASM379826v1,FDAARGOS_592,Burkholderia pseudomallei FDAARGOS_592
GCF_003798365.1,PRJNA224116,SAMN10228574,,,na,,28450,28450,Burkholderia pseudomallei,strain=FDAARGOS_594,,latest,Complete Genome,Major,Full,2018/11/20,ASM379836v1,US Food and Drug Administration,GCA_003798365.1,identical,https://ftp.ncbi.nlm.nih.gov/genomes/all/GCF/003/798/365/GCF_003798365.1_ASM379836v1,./Burkholderia_pseudo_mallei_outgroup/1-prepare_module/refseq/bacteria/GCF_003798365.1/GCF_003798365.1_ASM379836v1_genomic.fna.gz,BUMA.1221.00060,Burkholderia_pseudo_mallei_outgroup/1-prepare_module/tmp_files/GCF_003798365.1_ASM379836v1_genomic.fna_prepare-split125N.fna,Burkholderia_pseudo_mallei_outgroup/1-prepare_module/tmp_files/GCF_003798365.1_ASM379836v1_genomic.fna_prepare-split125N.fna,7180388,2,2,GCF_003798365.1_ASM379836v1_genomic.fna_prepare-split125N.fna,ASM379836v1,FDAARGOS_594,Burkholderia pseudomallei FDAARGOS_594
GCF_004323015.1,PRJNA224116,SAMN10948535,,,na,,28450,28450,Burkholderia pseudomallei,strain=BPs110,,latest,Complete Genome,Major,Full,2019/03/04,ASM432301v1,General Sir John Kotelawala Defence Uinversity,GCA_004323015.1,identical,https://ftp.ncbi.nlm.nih.gov/genomes/all/GCF/004/323/015/GCF_004323015.1_ASM432301v1,./Burkholderia_pseudo_mallei_outgroup/1-prepare_module/refseq/bacteria/GCF_004323015.1/GCF_004323015.1_ASM432301v1_genomic.fna.gz,BUMA.1221.00062,Burkholderia_pseudo_mallei_outgroup/1-prepare_module/tmp_files/GCF_004323015.1_ASM432301v1_genomic.fna_prepare-split125N.fna,Burkholderia_pseudo_mallei_outgroup/1-prepare_module/tmp_files/GCF_004323015.1_ASM432301v1_genomic.fna_prepare-split125N.fna,6962327,2,2,GCF_004323015.1_ASM432301v1_genomic.fna_prepare-split125N.fna,ASM432301v1,BPs110,Burkholderia pseudomallei BPs110
GCF_004323035.1,PRJNA224116,SAMN10948547,,,na,,28450,28450,Burkholderia pseudomallei,strain=BPs111,,latest,Complete Genome,Major,Full,2019/03/04,ASM432303v1,General Sir John Kotelawala Defence Uinversity,GCA_004323035.1,identical,https://ftp.ncbi.nlm.nih.gov/genomes/all/GCF/004/323/035/GCF_004323035.1_ASM432303v1,./Burkholderia_pseudo_mallei_outgroup/1-prepare_module/refseq/bacteria/GCF_004323035.1/GCF_004323035.1_ASM432303v1_genomic.fna.gz,BUMA.1221.00063,Burkholderia_pseudo_mallei_outgroup/1-prepare_module/tmp_files/GCF_004323035.1_ASM432303v1_genomic.fna_prepare-split125N.fna,Burkholderia_pseudo_mallei_outgroup/1-prepare_module/tmp_files/GCF_004323035.1_ASM432303v1_genomic.fna_prepare-split125N.fna,6966412,2,2,GCF_004323035.1_ASM432303v1_genomic.fna_prepare-split125N.fna,ASM432303v1,BPs111,Burkholderia pseudomallei BPs111
GCF_004348055.1,PRJNA224116,SAMN10961208,,,na,,28450,28450,Burkholderia pseudomallei,strain=BPs115,,latest,Complete Genome,Major,Full,2019/03/13,ASM434805v1,General Sir John Kotelawala Defence Uinversity,GCA_004348055.1,identical,https://ftp.ncbi.nlm.nih.gov/genomes/all/GCF/004/348/055/GCF_004348055.1_ASM434805v1,./Burkholderia_pseudo_mallei_outgroup/1-prepare_module/refseq/bacteria/GCF_004348055.1/GCF_004348055.1_ASM434805v1_genomic.fna.gz,BUMA.1221.00066,Burkholderia_pseudo_mallei_outgroup/1-prepare_module/tmp_files/GCF_004348055.1_ASM434805v1_genomic.fna_prepare-split125N.fna,Burkholderia_pseudo_mallei_outgroup/1-prepare_module/tmp_files/GCF_004348055.1_ASM434805v1_genomic.fna_prepare-split125N.fna,6958638,2,2,GCF_004348055.1_ASM434805v1_genomic.fna_prepare-split125N.fna,ASM434805v1,BPs115,Burkholderia pseudomallei BPs115
GCF_004348075.1,PRJNA224116,SAMN10961418,,,na,,28450,28450,Burkholderia pseudomallei,strain=BPs116,,latest,Complete Genome,Major,Full,2019/03/13,ASM434807v1,General Sir John Kotelawala Defence Uinversity,GCA_004348075.1,identical,https://ftp.ncbi.nlm.nih.gov/genomes/all/GCF/004/348/075/GCF_004348075.1_ASM434807v1,./Burkholderia_pseudo_mallei_outgroup/1-prepare_module/refseq/bacteria/GCF_004348075.1/GCF_004348075.1_ASM434807v1_genomic.fna.gz,BUMA.1221.00069,Burkholderia_pseudo_mallei_outgroup/1-prepare_module/tmp_files/GCF_004348075.1_ASM434807v1_genomic.fna_prepare-split125N.fna,Burkholderia_pseudo_mallei_outgroup/1-prepare_module/tmp_files/GCF_004348075.1_ASM434807v1_genomic.fna_prepare-split125N.fna,6920216,2,2,GCF_004348075.1_ASM434807v1_genomic.fna_prepare-split125N.fna,ASM434807v1,BPs116,Burkholderia pseudomallei BPs116
GCF_004367665.1,PRJNA224116,SAMN11124809,,,na,,28450,28450,Burkholderia pseudomallei,strain=BPs114,,latest,Complete Genome,Major,Full,2019/03/23,ASM436766v1,General Sir John Kotelawala Defence Uinversity,GCA_004367665.1,identical,https://ftp.ncbi.nlm.nih.gov/genomes/all/GCF/004/367/665/GCF_004367665.1_ASM436766v1,./Burkholderia_pseudo_mallei_outgroup/1-prepare_module/refseq/bacteria/GCF_004367665.1/GCF_004367665.1_ASM436766v1_genomic.fna.gz,BUMA.1221.00070,Burkholderia_pseudo_mallei_outgroup/1-prepare_module/tmp_files/GCF_004367665.1_ASM436766v1_genomic.fna_prepare-split125N.fna,Burkholderia_pseudo_mallei_outgroup/1-prepare_module/tmp_files/GCF_004367665.1_ASM436766v1_genomic.fna_prepare-split125N.fna,6941499,2,2,GCF_004367665.1_ASM436766v1_genomic.fna_prepare-split125N.fna,ASM436766v1,BPs114,Burkholderia pseudomallei BPs114
GCF_004367685.1,PRJNA224116,SAMN11109762,,,na,,28450,28450,Burkholderia pseudomallei,strain=BPs123,,latest,Complete Genome,Major,Full,2019/03/23,ASM436768v1,General Sir John Kotelawala Defence Uinversity,GCA_004367685.1,identical,https://ftp.ncbi.nlm.nih.gov/genomes/all/GCF/004/367/685/GCF_004367685.1_ASM436768v1,./Burkholderia_pseudo_mallei_outgroup/1-prepare_module/refseq/bacteria/GCF_004367685.1/GCF_004367685.1_ASM436768v1_genomic.fna.gz,BUMA.1221.00071,Burkholderia_pseudo_mallei_outgroup/1-prepare_module/tmp_files/GCF_004367685.1_ASM436768v1_genomic.fna_prepare-split125N.fna,Burkholderia_pseudo_mallei_outgroup/1-prepare_module/tmp_files/GCF_004367685.1_ASM436768v1_genomic.fna_prepare-split125N.fna,6975017,2,2,GCF_004367685.1_ASM436768v1_genomic.fna_prepare-split125N.fna,ASM436768v1,BPs123,Burkholderia pseudomallei BPs123
GCF_004367705.1,PRJNA224116,SAMN11125344,,,na,,28450,28450,Burkholderia pseudomallei,strain=BPs112,Melioidosis patient,latest,Complete Genome,Major,Full,2019/03/23,ASM436770v1,General Sir John Kotelawala Defence Uinversity,GCA_004367705.1,identical,https://ftp.ncbi.nlm.nih.gov/genomes/all/GCF/004/367/705/GCF_004367705.1_ASM436770v1,./Burkholderia_pseudo_mallei_outgroup/1-prepare_module/refseq/bacteria/GCF_004367705.1/GCF_004367705.1_ASM436770v1_genomic.fna.gz,BUMA.1221.00072,Burkholderia_pseudo_mallei_outgroup/1-prepare_module/tmp_files/GCF_004367705.1_ASM436770v1_genomic.fna_prepare-split125N.fna,Burkholderia_pseudo_mallei_outgroup/1-prepare_module/tmp_files/GCF_004367705.1_ASM436770v1_genomic.fna_prepare-split125N.fna,6945494,2,2,GCF_004367705.1_ASM436770v1_genomic.fna_prepare-split125N.fna,ASM436770v1,BPs112,Burkholderia pseudomallei BPs112
GCF_004526325.1,PRJNA224116,SAMN11180678,,,na,,28450,28450,Burkholderia pseudomallei,strain=BPs122,,latest,Complete Genome,Major,Full,2019/03/31,ASM452632v1,General Sir John Kotelawala Defence Uinversity,GCA_004526325.1,identical,https://ftp.ncbi.nlm.nih.gov/genomes/all/GCF/004/526/325/GCF_004526325.1_ASM452632v1,./Burkholderia_pseudo_mallei_outgroup/1-prepare_module/refseq/bacteria/GCF_004526325.1/GCF_004526325.1_ASM452632v1_genomic.fna.gz,BUMA.1221.00073,Burkholderia_pseudo_mallei_outgroup/1-prepare_module/tmp_files/GCF_004526325.1_ASM452632v1_genomic.fna_prepare-split125N.fna,Burkholderia_pseudo_mallei_outgroup/1-prepare_module/tmp_files/GCF_004526325.1_ASM452632v1_genomic.fna_prepare-split125N.fna,6986353,2,2,GCF_004526325.1_ASM452632v1_genomic.fna_prepare-split125N.fna,ASM452632v1,BPs122,Burkholderia pseudomallei BPs122
GCF_004842085.1,PRJNA224116,SAMN09373889,,,na,,28450,28450,Burkholderia pseudomallei,strain=HNBP001,,latest,Complete Genome,Major,Full,2019/04/23,ASM484208v1,"Key Laboratory of Tropical Biomedicine,and School of Tropical Medicine and Laboratory Medicine",GCA_004842085.1,identical,https://ftp.ncbi.nlm.nih.gov/genomes/all/GCF/004/842/085/GCF_004842085.1_ASM484208v1,./Burkholderia_pseudo_mallei_outgroup/1-prepare_module/refseq/bacteria/GCF_004842085.1/GCF_004842085.1_ASM484208v1_genomic.fna.gz,BUMA.1221.00074,Burkholderia_pseudo_mallei_outgroup/1-prepare_module/tmp_files/GCF_004842085.1_ASM484208v1_genomic.fna_prepare-split125N.fna,Burkholderia_pseudo_mallei_outgroup/1-prepare_module/tmp_files/GCF_004842085.1_ASM484208v1_genomic.fna_prepare-split125N.fna,7163595,2,2,GCF_004842085.1_ASM484208v1_genomic.fna_prepare-split125N.fna,ASM484208v1,HNBP001,Burkholderia pseudomallei HNBP001
GCF_008728275.1,PRJNA224116,SAMN11191492,,,na,,28450,28450,Burkholderia pseudomallei,strain=Yap7,,latest,Complete Genome,Major,Full,2019/09/30,ASM872827v1,Centers for Disease Control and Prevention - Zoonoses and Select Agent Laboratory,GCA_008728275.1,identical,https://ftp.ncbi.nlm.nih.gov/genomes/all/GCF/008/728/275/GCF_008728275.1_ASM872827v1,./Burkholderia_pseudo_mallei_outgroup/1-prepare_module/refseq/bacteria/GCF_008728275.1/GCF_008728275.1_ASM872827v1_genomic.fna.gz,BUMA.1221.00075,Burkholderia_pseudo_mallei_outgroup/1-prepare_module/tmp_files/GCF_008728275.1_ASM872827v1_genomic.fna_prepare-split125N.fna,Burkholderia_pseudo_mallei_outgroup/1-prepare_module/tmp_files/GCF_008728275.1_ASM872827v1_genomic.fna_prepare-split125N.fna,7080298,2,2,GCF_008728275.1_ASM872827v1_genomic.fna_prepare-split125N.fna,ASM872827v1,Yap7,Burkholderia pseudomallei Yap7
GCF_008728375.1,PRJNA224116,SAMN11191480,,,na,,28450,28450,Burkholderia pseudomallei,strain=Yap1,,latest,Complete Genome,Major,Full,2019/09/30,ASM872837v1,Centers for Disease Control and Prevention - Zoonoses and Select Agent Laboratory,GCA_008728375.1,identical,https://ftp.ncbi.nlm.nih.gov/genomes/all/GCF/008/728/375/GCF_008728375.1_ASM872837v1,./Burkholderia_pseudo_mallei_outgroup/1-prepare_module/refseq/bacteria/GCF_008728375.1/GCF_008728375.1_ASM872837v1_genomic.fna.gz,BUMA.1221.00076,Burkholderia_pseudo_mallei_outgroup/1-prepare_module/tmp_files/GCF_008728375.1_ASM872837v1_genomic.fna_prepare-split125N.fna,Burkholderia_pseudo_mallei_outgroup/1-prepare_module/tmp_files/GCF_008728375.1_ASM872837v1_genomic.fna_prepare-split125N.fna,7141850,2,2,GCF_008728375.1_ASM872837v1_genomic.fna_prepare-split125N.fna,ASM872837v1,Yap1,Burkholderia pseudomallei Yap1
GCF_009749345.1,PRJNA224116,SAMN13440810,,,na,,28450,28450,Burkholderia pseudomallei,strain=B03,,latest,Complete Genome,Major,Full,2019/12/14,ASM974934v1,Los Alamos National Laboratory,GCA_009749345.1,identical,https://ftp.ncbi.nlm.nih.gov/genomes/all/GCF/009/749/345/GCF_009749345.1_ASM974934v1,./Burkholderia_pseudo_mallei_outgroup/1-prepare_module/refseq/bacteria/GCF_009749345.1/GCF_009749345.1_ASM974934v1_genomic.fna.gz,BUMA.1221.00077,Burkholderia_pseudo_mallei_outgroup/1-prepare_module/tmp_files/GCF_009749345.1_ASM974934v1_genomic.fna_prepare-split125N.fna,Burkholderia_pseudo_mallei_outgroup/1-prepare_module/tmp_files/GCF_009749345.1_ASM974934v1_genomic.fna_prepare-split125N.fna,7266637,2,2,GCF_009749345.1_ASM974934v1_genomic.fna_prepare-split125N.fna,ASM974934v1,B03,Burkholderia pseudomallei B03
GCF_016864355.1,PRJNA224116,SAMN17766538,,,na,,28450,28450,Burkholderia pseudomallei,strain=VB29710,,latest,Complete Genome,Major,Full,2021/02/11,ASM1686435v1,Christian Medical College,GCA_016864355.1,identical,https://ftp.ncbi.nlm.nih.gov/genomes/all/GCF/016/864/355/GCF_016864355.1_ASM1686435v1,./Burkholderia_pseudo_mallei_outgroup/1-prepare_module/refseq/bacteria/GCF_016864355.1/GCF_016864355.1_ASM1686435v1_genomic.fna.gz,BUMA.1221.00078,Burkholderia_pseudo_mallei_outgroup/1-prepare_module/tmp_files/GCF_016864355.1_ASM1686435v1_genomic.fna_prepare-split125N.fna,Burkholderia_pseudo_mallei_outgroup/1-prepare_module/tmp_files/GCF_016864355.1_ASM1686435v1_genomic.fna_prepare-split125N.fna,7470254,2,2,GCF_016864355.1_ASM1686435v1_genomic.fna_prepare-split125N.fna,ASM1686435v1,VB29710,Burkholderia pseudomallei VB29710
GCF_902141815.1,PRJNA224116,SAMEA5606427,,,na,,28450,28450,Burkholderia pseudomallei,,UKMR15,latest,Complete Genome,Major,Full,2020/04/15,UKMR15,MALAYSIA GENOME INSTITUTE,GCA_902141815.1,identical,https://ftp.ncbi.nlm.nih.gov/genomes/all/GCF/902/141/815/GCF_902141815.1_UKMR15,./Burkholderia_pseudo_mallei_outgroup/1-prepare_module/refseq/bacteria/GCF_902141815.1/GCF_902141815.1_UKMR15_genomic.fna.gz,BUMA.1221.00079,Burkholderia_pseudo_mallei_outgroup/1-prepare_module/tmp_files/GCF_902141815.1_UKMR15_genomic.fna_prepare-split125N.fna,Burkholderia_pseudo_mallei_outgroup/1-prepare_module/tmp_files/GCF_902141815.1_UKMR15_genomic.fna_prepare-split125N.fna,7179387,2,2,GCF_902141815.1_UKMR15_genomic.fna_prepare-split125N.fna,UKMR15,nan,Burkholderia pseudomallei nan
GCF_902141835.1,PRJNA224116,SAMEA5606428,,,na,,28450,28450,Burkholderia pseudomallei,,UKMPMC2000,latest,Complete Genome,Major,Full,2020/04/15,UKMPMC2000,MALAYSIA GENOME INSTITUTE,GCA_902141835.1,identical,https://ftp.ncbi.nlm.nih.gov/genomes/all/GCF/902/141/835/GCF_902141835.1_UKMPMC2000,./Burkholderia_pseudo_mallei_outgroup/1-prepare_module/refseq/bacteria/GCF_902141835.1/GCF_902141835.1_UKMPMC2000_genomic.fna.gz,BUMA.1221.00080,Burkholderia_pseudo_mallei_outgroup/1-prepare_module/tmp_files/GCF_902141835.1_UKMPMC2000_genomic.fna_prepare-split125N.fna,Burkholderia_pseudo_mallei_outgroup/1-prepare_module/tmp_files/GCF_902141835.1_UKMPMC2000_genomic.fna_prepare-split125N.fna,7187124,2,2,GCF_902141835.1_UKMPMC2000_genomic.fna_prepare-split125N.fna,UKMPMC2000,nan,Burkholderia pseudomallei nan
GCF_000011705.1,PRJNA224116,SAMN02603987,,,na,assembly from type material,243160,13373,Burkholderia mallei ATCC 23344,strain=ATCC 23344,,latest,Complete Genome,Major,Full,2005/06/06,ASM1170v1,TIGR,GCA_000011705.1,identical,https://ftp.ncbi.nlm.nih.gov/genomes/all/GCF/000/011/705/GCF_000011705.1_ASM1170v1,./Burkholderia_pseudo_mallei_outgroup/1-prepare_module/refseq/bacteria/GCF_000011705.1/GCF_000011705.1_ASM1170v1_genomic.fna.gz,BUMA.1221.00081,Burkholderia_pseudo_mallei_outgroup/1-prepare_module/tmp_files/GCF_000011705.1_ASM1170v1_genomic.fna_prepare-split125N.fna,Burkholderia_pseudo_mallei_outgroup/1-prepare_module/tmp_files/GCF_000011705.1_ASM1170v1_genomic.fna_prepare-split125N.fna,5835527,2,2,GCF_000011705.1_ASM1170v1_genomic.fna_prepare-split125N.fna,ASM1170v1,ATCC 23344,Burkholderia mallei ATCC 23344
GCF_003568605.1,PRJNA224116,SAMN02866398,,,na,assembly from type material,271848,57975,Burkholderia thailandensis E264,strain=E264,,latest,Complete Genome,Major,Full,2014/09/18,ASM356860v1,Los Alamos National Laboratory,GCA_003568605.1,identical,https://ftp.ncbi.nlm.nih.gov/genomes/all/GCF/003/568/605/GCF_003568605.1_ASM356860v1,./Burkholderia_pseudo_mallei_outgroup/1-prepare_module/refseq/bacteria/GCF_003568605.1/GCF_003568605.1_ASM356860v1_genomic.fna.gz,BUMA.1221.00082,Burkholderia_pseudo_mallei_outgroup/1-prepare_module/tmp_files/GCF_003568605.1_ASM356860v1_genomic.fna_prepare-split125N.fna,Burkholderia_pseudo_mallei_outgroup/1-prepare_module/tmp_files/GCF_003568605.1_ASM356860v1_genomic.fna_prepare-split125N.fna,6722099,2,2,GCF_003568605.1_ASM356860v1_genomic.fna_prepare-split125N.fna,ASM356860v1,E264,Burkholderia thailandensis E264
GCF_000011545.1,PRJNA224116,SAMEA1705938,,,na,,272560,28450,Burkholderia pseudomallei K96243,strain=K96243,,latest,Complete Genome,Major,Full,2004/09/16,ASM1154v1,Sanger Institute,GCA_000011545.1,identical,https://ftp.ncbi.nlm.nih.gov/genomes/all/GCF/000/011/545/GCF_000011545.1_ASM1154v1,./Burkholderia_pseudo_mallei_outgroup/1-prepare_module/refseq/bacteria/GCF_000011545.1/GCF_000011545.1_ASM1154v1_genomic.fna.gz,BUMA.1221.00083,Burkholderia_pseudo_mallei_outgroup/1-prepare_module/tmp_files/GCF_000011545.1_ASM1154v1_genomic.fna_prepare-split125N.fna,Burkholderia_pseudo_mallei_outgroup/1-prepare_module/tmp_files/GCF_000011545.1_ASM1154v1_genomic.fna_prepare-split125N.fna,7247547,2,2,GCF_000011545.1_ASM1154v1_genomic.fna_prepare-split125N.fna,ASM1154v1,K96243,Burkholderia pseudomallei K96243
GCF_000959285.1,PRJNA224116,SAMN03075610,,,na,,272560,28450,Burkholderia pseudomallei K96243,strain=K96243,,latest,Complete Genome,Major,Full,2015/03/20,ASM95928v1,Los Alamos National Laboratory,GCA_000959285.1,identical,https://ftp.ncbi.nlm.nih.gov/genomes/all/GCF/000/959/285/GCF_000959285.1_ASM95928v1,./Burkholderia_pseudo_mallei_outgroup/1-prepare_module/refseq/bacteria/GCF_000959285.1/GCF_000959285.1_ASM95928v1_genomic.fna.gz,BUMA.1221.00084,Burkholderia_pseudo_mallei_outgroup/1-prepare_module/tmp_files/GCF_000959285.1_ASM95928v1_genomic.fna_prepare-split125N.fna,Burkholderia_pseudo_mallei_outgroup/1-prepare_module/tmp_files/GCF_000959285.1_ASM95928v1_genomic.fna_prepare-split125N.fna,7247614,2,2,GCF_000959285.1_ASM95928v1_genomic.fna_prepare-split125N.fna,ASM95928v1,K96243,Burkholderia pseudomallei K96243
GCF_000012785.1,PRJNA224116,SAMN02604036,,,na,,320372,28450,Burkholderia pseudomallei 1710b,strain=1710b,,latest,Complete Genome,Major,Full,2005/09/30,ASM1278v1,TIGR,GCA_000012785.1,identical,https://ftp.ncbi.nlm.nih.gov/genomes/all/GCF/000/012/785/GCF_000012785.1_ASM1278v1,./Burkholderia_pseudo_mallei_outgroup/1-prepare_module/refseq/bacteria/GCF_000012785.1/GCF_000012785.1_ASM1278v1_genomic.fna.gz,BUMA.1221.00085,Burkholderia_pseudo_mallei_outgroup/1-prepare_module/tmp_files/GCF_000012785.1_ASM1278v1_genomic.fna_prepare-split125N.fna,Burkholderia_pseudo_mallei_outgroup/1-prepare_module/tmp_files/GCF_000012785.1_ASM1278v1_genomic.fna_prepare-split125N.fna,7308054,2,2,GCF_000012785.1_ASM1278v1_genomic.fna_prepare-split125N.fna,ASM1278v1,1710b,Burkholderia pseudomallei 1710b
GCF_000015465.1,PRJNA224116,SAMN02604034,,,na,,320388,13373,Burkholderia mallei SAVP1,strain=SAVP1,,latest,Complete Genome,Major,Full,2007/01/05,ASM1546v1,TIGR,GCA_000015465.1,identical,https://ftp.ncbi.nlm.nih.gov/genomes/all/GCF/000/015/465/GCF_000015465.1_ASM1546v1,./Burkholderia_pseudo_mallei_outgroup/1-prepare_module/refseq/bacteria/GCF_000015465.1/GCF_000015465.1_ASM1546v1_genomic.fna.gz,BUMA.1221.00086,Burkholderia_pseudo_mallei_outgroup/1-prepare_module/tmp_files/GCF_000015465.1_ASM1546v1_genomic.fna_prepare-split125N.fna,Burkholderia_pseudo_mallei_outgroup/1-prepare_module/tmp_files/GCF_000015465.1_ASM1546v1_genomic.fna_prepare-split125N.fna,5232401,2,2,GCF_000015465.1_ASM1546v1_genomic.fna_prepare-split125N.fna,ASM1546v1,SAVP1,Burkholderia mallei SAVP1
GCF_000015625.1,PRJNA224116,SAMN02604033,,,na,,320389,13373,Burkholderia mallei NCTC 10247,strain=NCTC 10247,,latest,Complete Genome,Major,Full,2007/02/27,ASM1562v1,TIGR,GCA_000015625.1,identical,https://ftp.ncbi.nlm.nih.gov/genomes/all/GCF/000/015/625/GCF_000015625.1_ASM1562v1,./Burkholderia_pseudo_mallei_outgroup/1-prepare_module/refseq/bacteria/GCF_000015625.1/GCF_000015625.1_ASM1562v1_genomic.fna.gz,BUMA.1221.00087,Burkholderia_pseudo_mallei_outgroup/1-prepare_module/tmp_files/GCF_000015625.1_ASM1562v1_genomic.fna_prepare-split125N.fna,Burkholderia_pseudo_mallei_outgroup/1-prepare_module/tmp_files/GCF_000015625.1_ASM1562v1_genomic.fna_prepare-split125N.fna,5848380,2,2,GCF_000015625.1_ASM1562v1_genomic.fna_prepare-split125N.fna,ASM1562v1,NCTC 10247,Burkholderia mallei NCTC 10247
GCF_000762285.1,PRJNA224116,SAMN02798191,,,na,,320389,13373,Burkholderia mallei NCTC 10247,strain=NCTC 10247,,latest,Complete Genome,Major,Full,2014/10/02,ASM76228v1,Los Alamos National Laboratory,GCA_000762285.1,identical,https://ftp.ncbi.nlm.nih.gov/genomes/all/GCF/000/762/285/GCF_000762285.1_ASM76228v1,./Burkholderia_pseudo_mallei_outgroup/1-prepare_module/refseq/bacteria/GCF_000762285.1/GCF_000762285.1_ASM76228v1_genomic.fna.gz,BUMA.1221.00088,Burkholderia_pseudo_mallei_outgroup/1-prepare_module/tmp_files/GCF_000762285.1_ASM76228v1_genomic.fna_prepare-split125N.fna,Burkholderia_pseudo_mallei_outgroup/1-prepare_module/tmp_files/GCF_000762285.1_ASM76228v1_genomic.fna_prepare-split125N.fna,5827656,2,2,GCF_000762285.1_ASM76228v1_genomic.fna_prepare-split125N.fna,ASM76228v1,NCTC 10247,Burkholderia mallei NCTC 10247
GCF_000757035.2,PRJNA224116,SAMN02849712,,,na,,331978,28450,Burkholderia pseudomallei Pasteur 52237,strain=Pasteur 52237,,latest,Complete Genome,Major,Full,2015/03/20,ASM75703v2,Los Alamos National Laboratory,GCA_000757035.2,identical,https://ftp.ncbi.nlm.nih.gov/genomes/all/GCF/000/757/035/GCF_000757035.2_ASM75703v2,./Burkholderia_pseudo_mallei_outgroup/1-prepare_module/refseq/bacteria/GCF_000757035.2/GCF_000757035.2_ASM75703v2_genomic.fna.gz,BUMA.1221.00089,Burkholderia_pseudo_mallei_outgroup/1-prepare_module/tmp_files/GCF_000757035.2_ASM75703v2_genomic.fna_prepare-split125N.fna,Burkholderia_pseudo_mallei_outgroup/1-prepare_module/tmp_files/GCF_000757035.2_ASM75703v2_genomic.fna_prepare-split125N.fna,7325318,2,2,GCF_000757035.2_ASM75703v2_genomic.fna_prepare-split125N.fna,ASM75703v2,Pasteur 52237,Burkholderia pseudomallei Pasteur 52237
GCF_000015925.1,PRJNA224116,SAMN02604046,,,na,,357348,28450,Burkholderia pseudomallei 1106a,strain=1106a,,latest,Complete Genome,Major,Full,2007/02/27,ASM1592v1,TIGR,GCA_000015925.1,identical,https://ftp.ncbi.nlm.nih.gov/genomes/all/GCF/000/015/925/GCF_000015925.1_ASM1592v1,./Burkholderia_pseudo_mallei_outgroup/1-prepare_module/refseq/bacteria/GCF_000015925.1/GCF_000015925.1_ASM1592v1_genomic.fna.gz,BUMA.1221.00090,Burkholderia_pseudo_mallei_outgroup/1-prepare_module/tmp_files/GCF_000015925.1_ASM1592v1_genomic.fna_prepare-split125N.fna,Burkholderia_pseudo_mallei_outgroup/1-prepare_module/tmp_files/GCF_000015925.1_ASM1592v1_genomic.fna_prepare-split125N.fna,7089249,2,2,GCF_000015925.1_ASM1592v1_genomic.fna_prepare-split125N.fna,ASM1592v1,1106a,Burkholderia pseudomallei 1106a
GCF_000959265.1,PRJNA224116,SAMN03075630,,,na,,441156,28450,Burkholderia pseudomallei 7894,strain=7894,,latest,Complete Genome,Major,Full,2015/03/20,ASM95926v1,Los Alamos National Laboratory,GCA_000959265.1,identical,https://ftp.ncbi.nlm.nih.gov/genomes/all/GCF/000/959/265/GCF_000959265.1_ASM95926v1,./Burkholderia_pseudo_mallei_outgroup/1-prepare_module/refseq/bacteria/GCF_000959265.1/GCF_000959265.1_ASM95926v1_genomic.fna.gz,BUMA.1221.00091,Burkholderia_pseudo_mallei_outgroup/1-prepare_module/tmp_files/GCF_000959265.1_ASM95926v1_genomic.fna_prepare-split125N.fna,Burkholderia_pseudo_mallei_outgroup/1-prepare_module/tmp_files/GCF_000959265.1_ASM95926v1_genomic.fna_prepare-split125N.fna,7381912,2,2,GCF_000959265.1_ASM95926v1_genomic.fna_prepare-split125N.fna,ASM95926v1,7894,Burkholderia pseudomallei 7894
GCF_000756185.1,PRJNA224116,SAMN02866333,,,na,,557724,28450,Burkholderia pseudomallei 576,strain=576,,latest,Complete Genome,Major,Full,2014/09/18,ASM75618v1,Los Alamos National Laboratory,GCA_000756185.1,identical,https://ftp.ncbi.nlm.nih.gov/genomes/all/GCF/000/756/185/GCF_000756185.1_ASM75618v1,./Burkholderia_pseudo_mallei_outgroup/1-prepare_module/refseq/bacteria/GCF_000756185.1/GCF_000756185.1_ASM75618v1_genomic.fna.gz,BUMA.1221.00092,Burkholderia_pseudo_mallei_outgroup/1-prepare_module/tmp_files/GCF_000756185.1_ASM75618v1_genomic.fna_prepare-split125N.fna,Burkholderia_pseudo_mallei_outgroup/1-prepare_module/tmp_files/GCF_000756185.1_ASM75618v1_genomic.fna_prepare-split125N.fna,7266604,2,2,GCF_000756185.1_ASM75618v1_genomic.fna_prepare-split125N.fna,ASM75618v1,576,Burkholderia pseudomallei 576
GCF_000260515.1,PRJNA224116,SAMN02604257,,,na,,884204,28450,Burkholderia pseudomallei 1026b,strain=1026b,,latest,Complete Genome,Major,Full,2012/04/30,ASM26051v1,University of Washington,GCA_000260515.1,identical,https://ftp.ncbi.nlm.nih.gov/genomes/all/GCF/000/260/515/GCF_000260515.1_ASM26051v1,./Burkholderia_pseudo_mallei_outgroup/1-prepare_module/refseq/bacteria/GCF_000260515.1/GCF_000260515.1_ASM26051v1_genomic.fna.gz,BUMA.1221.00093,Burkholderia_pseudo_mallei_outgroup/1-prepare_module/tmp_files/GCF_000260515.1_ASM26051v1_genomic.fna_prepare-split125N.fna,Burkholderia_pseudo_mallei_outgroup/1-prepare_module/tmp_files/GCF_000260515.1_ASM26051v1_genomic.fna_prepare-split125N.fna,7231415,2,2,GCF_000260515.1_ASM26051v1_genomic.fna_prepare-split125N.fna,ASM26051v1,1026b,Burkholderia pseudomallei 1026b
GCF_000959125.1,PRJNA224116,SAMN03097397,,,na,,884204,28450,Burkholderia pseudomallei 1026b,strain=1026b,,latest,Complete Genome,Major,Full,2015/03/20,ASM95912v1,Los Alamos National Laboratory,GCA_000959125.1,identical,https://ftp.ncbi.nlm.nih.gov/genomes/all/GCF/000/959/125/GCF_000959125.1_ASM95912v1,./Burkholderia_pseudo_mallei_outgroup/1-prepare_module/refseq/bacteria/GCF_000959125.1/GCF_000959125.1_ASM95912v1_genomic.fna.gz,BUMA.1221.00094,Burkholderia_pseudo_mallei_outgroup/1-prepare_module/tmp_files/GCF_000959125.1_ASM95912v1_genomic.fna_prepare-split125N.fna,Burkholderia_pseudo_mallei_outgroup/1-prepare_module/tmp_files/GCF_000959125.1_ASM95912v1_genomic.fna_prepare-split125N.fna,7237672,2,2,GCF_000959125.1_ASM95912v1_genomic.fna_prepare-split125N.fna,ASM95912v1,1026b,Burkholderia pseudomallei 1026b
GCF_000294635.1,PRJNA224116,SAMN02603176,,,na,,1229785,28450,Burkholderia pseudomallei BPC006,strain=BPC006,,latest,Complete Genome,Major,Full,2012/09/05,ASM29463v1,"Department of Clinical Microbiology and Immunology, College of Medical Laboratory, National Engineer Research Center for Immunization Products, Third Military Medical University, Chongqing, China.",GCA_000294635.1,identical,https://ftp.ncbi.nlm.nih.gov/genomes/all/GCF/000/294/635/GCF_000294635.1_ASM29463v1,./Burkholderia_pseudo_mallei_outgroup/1-prepare_module/refseq/bacteria/GCF_000294635.1/GCF_000294635.1_ASM29463v1_genomic.fna.gz,BUMA.1221.00095,Burkholderia_pseudo_mallei_outgroup/1-prepare_module/tmp_files/GCF_000294635.1_ASM29463v1_genomic.fna_prepare-split125N.fna,Burkholderia_pseudo_mallei_outgroup/1-prepare_module/tmp_files/GCF_000294635.1_ASM29463v1_genomic.fna_prepare-split125N.fna,7155061,2,2,GCF_000294635.1_ASM29463v1_genomic.fna_prepare-split125N.fna,ASM29463v1,BPC006,Burkholderia pseudomallei BPC006
GCF_000494855.1,PRJNA224116,SAMN02603566,,,na,,1241583,28450,Burkholderia pseudomallei NCTC 13179,strain=NCTC 13179,,latest,Complete Genome,Major,Full,2013/11/01,ASM49485v1,Los Alamos National Laboratory,GCA_000494855.1,identical,https://ftp.ncbi.nlm.nih.gov/genomes/all/GCF/000/494/855/GCF_000494855.1_ASM49485v1,./Burkholderia_pseudo_mallei_outgroup/1-prepare_module/refseq/bacteria/GCF_000494855.1/GCF_000494855.1_ASM49485v1_genomic.fna.gz,BUMA.1221.00096,Burkholderia_pseudo_mallei_outgroup/1-prepare_module/tmp_files/GCF_000494855.1_ASM49485v1_genomic.fna_prepare-split125N.fna,Burkholderia_pseudo_mallei_outgroup/1-prepare_module/tmp_files/GCF_000494855.1_ASM49485v1_genomic.fna_prepare-split125N.fna,7337157,2,2,GCF_000494855.1_ASM49485v1_genomic.fna_prepare-split125N.fna,ASM49485v1,NCTC 13179,Burkholderia pseudomallei NCTC 13179
GCF_000511895.1,PRJNA224116,SAMN02641521,,,na,,1249468,28450,Burkholderia pseudomallei NCTC 13178,strain=NCTC 13178,,latest,Complete Genome,Major,Full,2013/12/26,ASM51189v1,Los Alamos National Laboratory,GCA_000511895.1,identical,https://ftp.ncbi.nlm.nih.gov/genomes/all/GCF/000/511/895/GCF_000511895.1_ASM51189v1,./Burkholderia_pseudo_mallei_outgroup/1-prepare_module/refseq/bacteria/GCF_000511895.1/GCF_000511895.1_ASM51189v1_genomic.fna.gz,BUMA.1221.00097,Burkholderia_pseudo_mallei_outgroup/1-prepare_module/tmp_files/GCF_000511895.1_ASM51189v1_genomic.fna_prepare-split125N.fna,Burkholderia_pseudo_mallei_outgroup/1-prepare_module/tmp_files/GCF_000511895.1_ASM51189v1_genomic.fna_prepare-split125N.fna,7391364,2,2,GCF_000511895.1_ASM51189v1_genomic.fna_prepare-split125N.fna,ASM51189v1,NCTC 13178,Burkholderia pseudomallei NCTC 13178
GCF_000521645.1,PRJNA224116,SAMN02641522,,,na,,1249471,28450,Burkholderia pseudomallei MSHR146,strain=MSHR146,,latest,Complete Genome,Major,Full,2014/01/22,ASM52164v1,Los Alamos National Laboratory,GCA_000521645.1,identical,https://ftp.ncbi.nlm.nih.gov/genomes/all/GCF/000/521/645/GCF_000521645.1_ASM52164v1,./Burkholderia_pseudo_mallei_outgroup/1-prepare_module/refseq/bacteria/GCF_000521645.1/GCF_000521645.1_ASM52164v1_genomic.fna.gz,BUMA.1221.00098,Burkholderia_pseudo_mallei_outgroup/1-prepare_module/tmp_files/GCF_000521645.1_ASM52164v1_genomic.fna_prepare-split125N.fna,Burkholderia_pseudo_mallei_outgroup/1-prepare_module/tmp_files/GCF_000521645.1_ASM52164v1_genomic.fna_prepare-split125N.fna,7313103,2,2,GCF_000521645.1_ASM52164v1_genomic.fna_prepare-split125N.fna,ASM52164v1,MSHR146,Burkholderia pseudomallei MSHR146
GCF_000959225.1,PRJNA224116,SAMN03074056,,,na,,1249472,28450,Burkholderia pseudomallei MSHR2543,strain=MSHR2543,,latest,Complete Genome,Major,Full,2015/03/20,ASM95922v1,Los Alamos National Laboratory,GCA_000959225.1,identical,https://ftp.ncbi.nlm.nih.gov/genomes/all/GCF/000/959/225/GCF_000959225.1_ASM95922v1,./Burkholderia_pseudo_mallei_outgroup/1-prepare_module/refseq/bacteria/GCF_000959225.1/GCF_000959225.1_ASM95922v1_genomic.fna.gz,BUMA.1221.00099,Burkholderia_pseudo_mallei_outgroup/1-prepare_module/tmp_files/GCF_000959225.1_ASM95922v1_genomic.fna_prepare-split125N.fna,Burkholderia_pseudo_mallei_outgroup/1-prepare_module/tmp_files/GCF_000959225.1_ASM95922v1_genomic.fna_prepare-split125N.fna,7446569,2,2,GCF_000959225.1_ASM95922v1_genomic.fna_prepare-split125N.fna,ASM95922v1,MSHR2543,Burkholderia pseudomallei MSHR2543
GCF_000959205.1,PRJNA224116,SAMN02768252,,,na,,1249473,28450,Burkholderia pseudomallei MSHR491,strain=MSHR491,,latest,Complete Genome,Major,Full,2015/03/20,ASM95920v1,Los Alamos National Laboratory,GCA_000959205.1,identical,https://ftp.ncbi.nlm.nih.gov/genomes/all/GCF/000/959/205/GCF_000959205.1_ASM95920v1,./Burkholderia_pseudo_mallei_outgroup/1-prepare_module/refseq/bacteria/GCF_000959205.1/GCF_000959205.1_ASM95920v1_genomic.fna.gz,BUMA.1221.00100,Burkholderia_pseudo_mallei_outgroup/1-prepare_module/tmp_files/GCF_000959205.1_ASM95920v1_genomic.fna_prepare-split125N.fna,Burkholderia_pseudo_mallei_outgroup/1-prepare_module/tmp_files/GCF_000959205.1_ASM95920v1_genomic.fna_prepare-split125N.fna,7356376,2,2,GCF_000959205.1_ASM95920v1_genomic.fna_prepare-split125N.fna,ASM95920v1,MSHR491,Burkholderia pseudomallei MSHR491
GCF_000959185.1,PRJNA224116,SAMN03068727,,,na,,1249475,28450,Burkholderia pseudomallei MSHR840,strain=MSHR840,,latest,Complete Genome,Major,Full,2015/03/20,ASM95918v1,Los Alamos National Laboratory,GCA_000959185.1,identical,https://ftp.ncbi.nlm.nih.gov/genomes/all/GCF/000/959/185/GCF_000959185.1_ASM95918v1,./Burkholderia_pseudo_mallei_outgroup/1-prepare_module/refseq/bacteria/GCF_000959185.1/GCF_000959185.1_ASM95918v1_genomic.fna.gz,BUMA.1221.00101,Burkholderia_pseudo_mallei_outgroup/1-prepare_module/tmp_files/GCF_000959185.1_ASM95918v1_genomic.fna_prepare-split125N.fna,Burkholderia_pseudo_mallei_outgroup/1-prepare_module/tmp_files/GCF_000959185.1_ASM95918v1_genomic.fna_prepare-split125N.fna,7129813,2,2,GCF_000959185.1_ASM95918v1_genomic.fna_prepare-split125N.fna,ASM95918v1,MSHR840,Burkholderia pseudomallei MSHR840
GCF_000764575.1,PRJNA224116,SAMN03097381,,,na,,1249477,28450,Burkholderia pseudomallei NAU35A-3,strain=NAU35A-3,,latest,Complete Genome,Major,Full,2014/10/08,ASM76457v1,Los Alamos National Laboratory,GCA_000764575.1,identical,https://ftp.ncbi.nlm.nih.gov/genomes/all/GCF/000/764/575/GCF_000764575.1_ASM76457v1,./Burkholderia_pseudo_mallei_outgroup/1-prepare_module/refseq/bacteria/GCF_000764575.1/GCF_000764575.1_ASM76457v1_genomic.fna.gz,BUMA.1221.00102,Burkholderia_pseudo_mallei_outgroup/1-prepare_module/tmp_files/GCF_000764575.1_ASM76457v1_genomic.fna_prepare-split125N.fna,Burkholderia_pseudo_mallei_outgroup/1-prepare_module/tmp_files/GCF_000764575.1_ASM76457v1_genomic.fna_prepare-split125N.fna,7204083,2,2,GCF_000764575.1_ASM76457v1_genomic.fna_prepare-split125N.fna,ASM76457v1,NAU35A-3,Burkholderia pseudomallei NAU35A-3
GCF_000959345.1,PRJNA224116,SAMN03023795,,,na,,1249658,28450,Burkholderia pseudomallei PB08298010,strain=PB08298010,,latest,Complete Genome,Major,Full,2015/03/20,ASM95934v1,Los Alamos National Laboratory,GCA_000959345.1,identical,https://ftp.ncbi.nlm.nih.gov/genomes/all/GCF/000/959/345/GCF_000959345.1_ASM95934v1,./Burkholderia_pseudo_mallei_outgroup/1-prepare_module/refseq/bacteria/GCF_000959345.1/GCF_000959345.1_ASM95934v1_genomic.fna.gz,BUMA.1221.00103,Burkholderia_pseudo_mallei_outgroup/1-prepare_module/tmp_files/GCF_000959345.1_ASM95934v1_genomic.fna_prepare-split125N.fna,Burkholderia_pseudo_mallei_outgroup/1-prepare_module/tmp_files/GCF_000959345.1_ASM95934v1_genomic.fna_prepare-split125N.fna,7375551,2,2,GCF_000959345.1_ASM95934v1_genomic.fna_prepare-split125N.fna,ASM95934v1,PB08298010,Burkholderia pseudomallei PB08298010
GCF_000583835.1,PRJNA224116,SAMN03081457,,,na,,1249659,28450,Burkholderia pseudomallei MSHR520,strain=MSHR520,,latest,Complete Genome,Major,Full,2014/03/03,ASM58383v1,Los Alamos National Laboratory,GCA_000583835.1,identical,https://ftp.ncbi.nlm.nih.gov/genomes/all/GCF/000/583/835/GCF_000583835.1_ASM58383v1,./Burkholderia_pseudo_mallei_outgroup/1-prepare_module/refseq/bacteria/GCF_000583835.1/GCF_000583835.1_ASM58383v1_genomic.fna.gz,BUMA.1221.00104,Burkholderia_pseudo_mallei_outgroup/1-prepare_module/tmp_files/GCF_000583835.1_ASM58383v1_genomic.fna_prepare-split125N.fna,Burkholderia_pseudo_mallei_outgroup/1-prepare_module/tmp_files/GCF_000583835.1_ASM58383v1_genomic.fna_prepare-split125N.fna,7450511,2,2,GCF_000583835.1_ASM58383v1_genomic.fna_prepare-split125N.fna,ASM58383v1,MSHR520,Burkholderia pseudomallei MSHR520
GCF_000755945.1,PRJNA224116,SAMN02902606,,,na,,1306417,28450,Burkholderia pseudomallei MSHR5858,strain=MSHR5858,,latest,Complete Genome,Major,Full,2014/09/18,ASM75594v1,Los Alamos National Laboratory,GCA_000755945.1,identical,https://ftp.ncbi.nlm.nih.gov/genomes/all/GCF/000/755/945/GCF_000755945.1_ASM75594v1,./Burkholderia_pseudo_mallei_outgroup/1-prepare_module/refseq/bacteria/GCF_000755945.1/GCF_000755945.1_ASM75594v1_genomic.fna.gz,BUMA.1221.00105,Burkholderia_pseudo_mallei_outgroup/1-prepare_module/tmp_files/GCF_000755945.1_ASM75594v1_genomic.fna_prepare-split125N.fna,Burkholderia_pseudo_mallei_outgroup/1-prepare_module/tmp_files/GCF_000755945.1_ASM75594v1_genomic.fna_prepare-split125N.fna,7072128,2,2,GCF_000755945.1_ASM75594v1_genomic.fna_prepare-split125N.fna,ASM75594v1,MSHR5858,Burkholderia pseudomallei MSHR5858
GCF_000755925.1,PRJNA224116,SAMN02902608,,,na,,1306418,28450,Burkholderia pseudomallei HBPUB10134a,strain=HBPUB10134a,,latest,Complete Genome,Major,Full,2014/09/18,ASM75592v1,Los Alamos National Laboratory,GCA_000755925.1,identical,https://ftp.ncbi.nlm.nih.gov/genomes/all/GCF/000/755/925/GCF_000755925.1_ASM75592v1,./Burkholderia_pseudo_mallei_outgroup/1-prepare_module/refseq/bacteria/GCF_000755925.1/GCF_000755925.1_ASM75592v1_genomic.fna.gz,BUMA.1221.00106,Burkholderia_pseudo_mallei_outgroup/1-prepare_module/tmp_files/GCF_000755925.1_ASM75592v1_genomic.fna_prepare-split125N.fna,Burkholderia_pseudo_mallei_outgroup/1-prepare_module/tmp_files/GCF_000755925.1_ASM75592v1_genomic.fna_prepare-split125N.fna,7218403,2,2,GCF_000755925.1_ASM75592v1_genomic.fna_prepare-split125N.fna,ASM75592v1,HBPUB10134a,Burkholderia pseudomallei HBPUB10134a
GCF_000755905.1,PRJNA224116,SAMN02902612,,,na,,1306419,28450,Burkholderia pseudomallei HBPUB10303a,strain=HBPUB10303a,,latest,Complete Genome,Major,Full,2014/09/18,ASM75590v1,Los Alamos National Laboratory,GCA_000755905.1,identical,https://ftp.ncbi.nlm.nih.gov/genomes/all/GCF/000/755/905/GCF_000755905.1_ASM75590v1,./Burkholderia_pseudo_mallei_outgroup/1-prepare_module/refseq/bacteria/GCF_000755905.1/GCF_000755905.1_ASM75590v1_genomic.fna.gz,BUMA.1221.00107,Burkholderia_pseudo_mallei_outgroup/1-prepare_module/tmp_files/GCF_000755905.1_ASM75590v1_genomic.fna_prepare-split125N.fna,Burkholderia_pseudo_mallei_outgroup/1-prepare_module/tmp_files/GCF_000755905.1_ASM75590v1_genomic.fna_prepare-split125N.fna,7178176,2,2,GCF_000755905.1_ASM75590v1_genomic.fna_prepare-split125N.fna,ASM75590v1,HBPUB10303a,Burkholderia pseudomallei HBPUB10303a
GCF_000770495.1,PRJNA224116,SAMN02951644,,,na,,1435365,28450,Burkholderia pseudomallei TSV 48,strain=TSV 48,,latest,Complete Genome,Major,Full,2014/10/31,ASM77049v1,Los Alamos National Laboratory,GCA_000770495.1,identical,https://ftp.ncbi.nlm.nih.gov/genomes/all/GCF/000/770/495/GCF_000770495.1_ASM77049v1,./Burkholderia_pseudo_mallei_outgroup/1-prepare_module/refseq/bacteria/GCF_000770495.1/GCF_000770495.1_ASM77049v1_genomic.fna.gz,BUMA.1221.00108,Burkholderia_pseudo_mallei_outgroup/1-prepare_module/tmp_files/GCF_000770495.1_ASM77049v1_genomic.fna_prepare-split125N.fna,Burkholderia_pseudo_mallei_outgroup/1-prepare_module/tmp_files/GCF_000770495.1_ASM77049v1_genomic.fna_prepare-split125N.fna,7337621,2,2,GCF_000770495.1_ASM77049v1_genomic.fna_prepare-split125N.fna,ASM77049v1,TSV 48,Burkholderia pseudomallei TSV 48
GCF_000770395.1,PRJNA224116,SAMN02990927,,,na,,1435984,28450,Burkholderia pseudomallei MSHR62,strain=MSHR62,,latest,Complete Genome,Major,Full,2014/10/31,ASM77039v1,Los Alamos National Laboratory,GCA_000770395.1,identical,https://ftp.ncbi.nlm.nih.gov/genomes/all/GCF/000/770/395/GCF_000770395.1_ASM77039v1,./Burkholderia_pseudo_mallei_outgroup/1-prepare_module/refseq/bacteria/GCF_000770395.1/GCF_000770395.1_ASM77039v1_genomic.fna.gz,BUMA.1221.00109,Burkholderia_pseudo_mallei_outgroup/1-prepare_module/tmp_files/GCF_000770395.1_ASM77039v1_genomic.fna_prepare-split125N.fna,Burkholderia_pseudo_mallei_outgroup/1-prepare_module/tmp_files/GCF_000770395.1_ASM77039v1_genomic.fna_prepare-split125N.fna,7225433,2,2,GCF_000770395.1_ASM77039v1_genomic.fna_prepare-split125N.fna,ASM77039v1,MSHR62,Burkholderia pseudomallei MSHR62
GCF_000770515.1,PRJNA224116,SAMN02951646,,,na,,1439852,28450,Burkholderia pseudomallei K42,strain=K42,,latest,Complete Genome,Major,Full,2014/10/31,ASM77051v1,Los Alamos National Laboratory,GCA_000770515.1,identical,https://ftp.ncbi.nlm.nih.gov/genomes/all/GCF/000/770/515/GCF_000770515.1_ASM77051v1,./Burkholderia_pseudo_mallei_outgroup/1-prepare_module/refseq/bacteria/GCF_000770515.1/GCF_000770515.1_ASM77051v1_genomic.fna.gz,BUMA.1221.00110,Burkholderia_pseudo_mallei_outgroup/1-prepare_module/tmp_files/GCF_000770515.1_ASM77051v1_genomic.fna_prepare-split125N.fna,Burkholderia_pseudo_mallei_outgroup/1-prepare_module/tmp_files/GCF_000770515.1_ASM77051v1_genomic.fna_prepare-split125N.fna,7296458,2,2,GCF_000770515.1_ASM77051v1_genomic.fna_prepare-split125N.fna,ASM77051v1,K42,Burkholderia pseudomallei K42
GCF_000770455.1,PRJNA224116,SAMN02951654,,,na,,1439854,28450,Burkholderia pseudomallei B03,strain=B03,,latest,Complete Genome,Major,Full,2014/10/31,ASM77045v1,Los Alamos National Laboratory,GCA_000770455.1,identical,https://ftp.ncbi.nlm.nih.gov/genomes/all/GCF/000/770/455/GCF_000770455.1_ASM77045v1,./Burkholderia_pseudo_mallei_outgroup/1-prepare_module/refseq/bacteria/GCF_000770455.1/GCF_000770455.1_ASM77045v1_genomic.fna.gz,BUMA.1221.00111,Burkholderia_pseudo_mallei_outgroup/1-prepare_module/tmp_files/GCF_000770455.1_ASM77045v1_genomic.fna_prepare-split125N.fna,Burkholderia_pseudo_mallei_outgroup/1-prepare_module/tmp_files/GCF_000770455.1_ASM77045v1_genomic.fna_prepare-split125N.fna,7264759,2,2,GCF_000770455.1_ASM77045v1_genomic.fna_prepare-split125N.fna,ASM77045v1,B03,Burkholderia pseudomallei B03
